#,DATE,Scrip,LTP*,High,Low,Open,Close,YCP,Trade,VALUE (mn),Volume,Date,Breakout,Bullish,Bearish,MonthlyReturn,DailyReturn
1,2025-10-22,1JANATAMF,2.9,2.9,2.7,2.9,2.8,2.8,145,3.355,1201483,2025-10-22,FALSE,FALSE,TRUE,-0.06666666666666676,0
2,2025-10-22,1STPRIMFMF,20.1,20.1,19.1,19.6,19.9,19.6,373,6.949,354575,2025-10-22,FALSE,FALSE,FALSE,-0.11946902654867264,0.015306122448979442
3,2025-10-22,AAMRANET,19.8,20.5,19.1,19.7,19.8,19.7,154,1.185,59798,2025-10-22,FALSE,FALSE,FALSE,-0.06161137440758302,0.005076142131979822
4,2025-10-22,AAMRATECH,12.3,12.6,11.9,12.6,12.3,12.4,27,0.129,10506,2025-10-22,FALSE,FALSE,FALSE,-0.13380281690140838,-0.008064516129032251
5,2025-10-22,ABB1STMF,3,3.1,2.9,3,2.9,3,61,1.177,394726,2025-10-22,FALSE,FALSE,FALSE,-0.06451612903225812,-0.033333333333333326
6,2025-10-22,ABBANK,5.1,5.3,5,5.3,5.1,5.3,431,5.831,1131491,2025-10-22,FALSE,FALSE,TRUE,0.020000000000000018,-0.037735849056603765
7,2025-10-22,ABBLPBOND,868,868,868,868,868,807.5,1,0.009,10,2025-10-22,FALSE,FALSE,FALSE,NA,NA
8,2025-10-22,ACFL,18.2,18.2,16.5,16.5,18.2,18.2,50,1.008,55576,2025-10-22,FALSE,FALSE,FALSE,-0.047120418848167644,0
9,2025-10-22,ACI,169.3,172.7,168,168.2,169.3,170.4,141,1.828,10816,2025-10-22,FALSE,FALSE,FALSE,-0.052602126468942245,-0.006455399061032874
10,2025-10-22,ACIFORMULA,131.7,133.6,130.1,132.3,133.4,132.3,152,1.526,11552,2025-10-22,FALSE,FALSE,FALSE,-0.05590941259731075,0.008314436885865417
11,2025-10-22,ACMELAB,74.8,75.1,74.4,74.7,74.6,74.9,188,2.997,40166,2025-10-22,FALSE,FALSE,TRUE,-0.04968152866242048,-0.004005340453938744
12,2025-10-22,ACMEPL,16.2,16.5,16.1,16.3,16.2,16.3,676,26.081,1600174,2025-10-22,FALSE,FALSE,FALSE,-0.029940119760479056,-0.00613496932515345
13,2025-10-22,ACTIVEFINE,7.2,7.5,7.1,7.5,7.2,7.4,129,1.545,214124,2025-10-22,FALSE,FALSE,TRUE,-0.1428571428571429,-0.027027027027027084
14,2025-10-22,ADNTEL,63.8,64.6,62,63.5,63.1,63.8,424,6.888,109274,2025-10-22,FALSE,FALSE,FALSE,-0.17191601049868765,-0.01097178683385569
15,2025-10-22,ADVENT,14.9,15,14.7,14.8,14.8,14.9,55,0.564,38131,2025-10-22,FALSE,FALSE,FALSE,-0.0326797385620915,-0.006711409395973145
16,2025-10-22,AFCAGRO,6.2,6.4,6.1,6.4,6.2,6.4,46,0.164,26130,2025-10-22,FALSE,FALSE,TRUE,-0.20512820512820507,-0.03125
17,2025-10-22,AFTABAUTO,36.8,37.2,34.1,34.1,36.8,34,1171,28.014,774778,2025-10-22,FALSE,FALSE,FALSE,0.04843304843304841,0.08235294117647052
18,2025-10-22,AGNISYSL,23.7,24,23.4,23.7,23.7,24,449,7.884,332996,2025-10-22,FALSE,FALSE,FALSE,-0.13503649635036497,-0.012500000000000067
19,2025-10-22,AGRANINS,26.4,26.8,25.7,26.3,26.4,26.3,155,1.834,70090,2025-10-22,FALSE,FALSE,TRUE,-0.022222222222222254,0.0038022813688212143
20,2025-10-22,AIBL1STIMF,4.1,4.1,4,4,4,4,69,0.858,214512,2025-10-22,FALSE,FALSE,FALSE,-0.06976744186046513,0
21,2025-10-22,AIBLPBOND,"4,142",4142,4142,4142,4142,"4,360",1,0.004,1,2025-10-22,FALSE,FALSE,FALSE,NA,NA
22,2025-10-22,AIL,46.3,47.6,46,46.2,46.3,46.6,742,15.697,338086,2025-10-22,FALSE,FALSE,TRUE,-0.1597096188747732,-0.006437768240343478
23,2025-10-22,AL-HAJTEX,129.8,132.1,127.6,132.1,129.8,132.1,207,3.764,29085,2025-10-22,FALSE,FALSE,FALSE,-0.20853658536585362,-0.017411052233156532
24,2025-10-22,ALARABANK,15.9,16,15.6,15.6,15.9,15.9,49,0.682,43082,2025-10-22,FALSE,FALSE,TRUE,-0.0535714285714286,0
25,2025-10-22,ALIF,4.7,4.8,4.5,4.8,4.6,4.7,127,1.125,243375,2025-10-22,FALSE,FALSE,TRUE,-0.1636363636363637,-0.021276595744680993
26,2025-10-22,ALLTEX,12.6,13,12.5,13,12.6,12.7,45,0.147,11610,2025-10-22,FALSE,FALSE,FALSE,-0.08695652173913049,-0.007874015748031482
27,2025-10-22,AMANFEED,23,23.3,22.7,23.1,23,23.2,194,3.956,172006,2025-10-22,FALSE,FALSE,FALSE,-0.11538461538461542,-0.008620689655172376
28,2025-10-22,AMBEEPHA,789.5,795,776,795,789.5,782.7,63,2.264,2875,2025-10-22,FALSE,FALSE,FALSE,-0.03613722378219997,0.008687875303436732
29,2025-10-22,AMCL(PRAN),215.9,216,214,216,215.7,216.6,20,0.15,694,2025-10-22,FALSE,FALSE,FALSE,-0.0551905387647833,-0.0041551246537396835
30,2025-10-22,ANLIMAYARN,19.4,20,19,20,19.3,19.4,32,0.148,7646,2025-10-22,FALSE,FALSE,FALSE,-0.12272727272727268,-0.005154639175257603
31,2025-10-22,ANWARGALV,58.4,59.7,57.8,59,58.4,58.8,382,2.92,49764,2025-10-22,FALSE,FALSE,FALSE,-0.21610738255033557,-0.006802721088435382
32,2025-10-22,AOL,14.5,14.7,14.3,14.7,14.4,14.4,33,0.582,40316,2025-10-22,FALSE,FALSE,FALSE,-0.09999999999999998,0
33,2025-10-22,APEXFOODS,206.8,211,202.1,209.9,206.8,207.2,193,2.583,12412,2025-10-22,FALSE,FALSE,TRUE,-0.11472602739726023,-0.0019305019305018156
34,2025-10-22,APEXFOOT,201.2,203.3,196,200,201.2,198.1,541,10.7,53518,2025-10-22,FALSE,FALSE,FALSE,-0.11831726555652933,0.015648662291771753
35,2025-10-22,APEXSPINN,135.6,138,133.7,136,135.6,137.4,454,13.046,96346,2025-10-22,FALSE,FALSE,FALSE,-0.11833550065019516,-0.013100436681222738
36,2025-10-22,APEXTANRY,58.5,60,58.2,60,58.5,60,82,1.984,33923,2025-10-22,FALSE,FALSE,TRUE,-0.2490372272143775,-0.025000000000000022
37,2025-10-22,APOLOISPAT,2.4,2.6,2.4,2.5,2.4,2.5,75,0.403,163924,2025-10-22,FALSE,FALSE,FALSE,-0.07692307692307698,-0.040000000000000036
38,2025-10-22,APSCLBOND,"2,564",2564,2564,2564,2564,"2,564",2,0.005,2,2025-10-22,FALSE,FALSE,FALSE,NA,NA
39,2025-10-22,ARAMIT,195.1,195.1,178.5,178.5,195.1,177.4,516,5.289,27694,2025-10-22,FALSE,FALSE,FALSE,-0.13057040998217473,0.09977452085682059
40,2025-10-22,ARAMITCEM,10.8,11,10.7,10.7,10.9,11.1,29,0.152,14015,2025-10-22,FALSE,FALSE,FALSE,-0.09166666666666667,-0.018018018018017945
41,2025-10-22,ARGONDENIM,18.4,18.6,18.1,18.5,18.4,18.3,233,7.613,414477,2025-10-22,FALSE,FALSE,FALSE,-0.0935960591133006,0.005464480874316724
42,2025-10-22,ASIAINS,27,28.8,26.6,28.8,27,26.9,69,0.5,18514,2025-10-22,FALSE,FALSE,FALSE,-0.0357142857142857,0.003717472118959231
43,2025-10-22,ASIAPACINS,32.6,33.4,32.4,33,32.6,33,64,0.813,24730,2025-10-22,FALSE,FALSE,TRUE,-0.03834808259587008,-0.012121212121212088
44,2025-10-22,ASIATICLAB,57.6,58.6,56.9,58,57.6,57.9,746,36.613,633345,2025-10-22,FALSE,FALSE,FALSE,-0.04318936877076418,-0.005181347150258975
45,2025-10-22,ATCSLGF,0,0,0,0,7.5,7.5,0,0,0,2025-10-22,FALSE,FALSE,TRUE,0,0
46,2025-10-22,ATLASBANG,56.2,60,56,60,56.2,60,46,0.126,2231,2025-10-22,FALSE,FALSE,FALSE,-0.05387205387205385,-0.06333333333333324
47,2025-10-22,AZIZPIPES,46.9,47.4,46.5,47.4,46.9,46,4,0.005,104,2025-10-22,FALSE,FALSE,TRUE,-0.03696098562628347,0.019565217391304346
48,2025-10-22,BANGAS,107.8,108,100,102,106.1,103.6,471,5.972,57331,2025-10-22,FALSE,FALSE,FALSE,-0.11877076411960141,0.024131274131274028
49,2025-10-22,BANKASI1PB,0,0,0,0,8650,"8,650",0,0,0,2025-10-22,FALSE,FALSE,FALSE,NA,NA
50,2025-10-22,BANKASIA,17.5,17.6,17.1,17.1,17.5,17.3,107,4.431,254811,2025-10-22,FALSE,FALSE,FALSE,-0.02777777777777779,0.01156069364161838
51,2025-10-22,BARKAPOWER,7.2,7.5,7.1,7.5,7.2,7.3,114,1.021,141303,2025-10-22,FALSE,TRUE,FALSE,-0.16279069767441856,-0.013698630136986245
52,2025-10-22,BATASHOE,878,878,870.1,870.1,872.2,870.1,7,0.019,22,2025-10-22,FALSE,FALSE,FALSE,-0.0050193931097421984,0.002413515687851975
53,2025-10-22,BATBC,258.1,262,257.5,261.5,258.1,261.6,1799,43.685,168714,2025-10-22,FALSE,FALSE,FALSE,-0.07623478883321388,-0.013379204892966401
54,2025-10-22,BAYLEASING,3.9,4,3.8,3.9,3.9,3.9,40,0.351,90120,2025-10-22,FALSE,FALSE,FALSE,0.026315789473684292,0
55,2025-10-22,BBS,9.8,10,9.8,9.9,9.8,10,175,2.02,204921,2025-10-22,FALSE,FALSE,TRUE,-0.16239316239316226,-0.019999999999999907
56,2025-10-22,BBSCABLES,15.5,15.7,15.2,15.5,15.5,15.8,223,3.586,232755,2025-10-22,FALSE,FALSE,FALSE,-0.21717171717171724,-0.01898734177215189
57,2025-10-22,BDAUTOCA,104.5,104.9,100.7,100.7,104.5,101.7,245,2.817,27276,2025-10-22,FALSE,FALSE,TRUE,-0.2022900763358778,0.027531956735496577
58,2025-10-22,BDCOM,24,24.8,23.8,24.8,24,24.8,512,9.917,408764,2025-10-22,FALSE,FALSE,FALSE,-0.18644067796610164,-0.032258064516129115
59,2025-10-22,BDFINANCE,15.9,16.2,14.5,15.1,15.9,15.1,421,11.234,723617,2025-10-22,FALSE,FALSE,FALSE,0.30327868852459017,0.052980132450331174
60,2025-10-22,BDLAMPS,129,131,126,127.2,128.2,127.2,379,3.039,23736,2025-10-22,FALSE,FALSE,TRUE,-0.1808306709265176,0.007861635220125729
61,2025-10-22,BDSERVICE,0,0,0,0,5.2,5.2,0,0,0,2025-10-22,FALSE,FALSE,FALSE,NA,NA
62,2025-10-22,BDTHAI,10.8,11,10.7,10.8,10.8,10.9,137,2.555,236114,2025-10-22,FALSE,FALSE,FALSE,-0.15625,-0.00917431192660545
63,2025-10-22,BDTHAIFOOD,12.2,12.3,11.9,12,12.2,11.9,195,1.83,152011,2025-10-22,FALSE,FALSE,FALSE,-0.21794871794871795,0.025210084033613356
64,2025-10-22,BDWELDING,8.2,8.9,7.9,8.9,8.2,8.7,152,0.597,72817,2025-10-22,FALSE,FALSE,FALSE,-0.16326530612244916,-0.05747126436781613
65,2025-10-22,BEACHHATCH,46.1,47,45.3,46.1,46.1,46,775,19.791,429951,2025-10-22,FALSE,FALSE,FALSE,-0.15722120658135286,0.0021739130434783593
66,2025-10-22,BEACONPHAR,108,109.7,106.7,109.7,108,107.8,505,11.99,111412,2025-10-22,FALSE,FALSE,FALSE,-0.1394422310756972,0.0018552875695732052
67,2025-10-22,BENGALWTL,17,17.1,16.6,16.9,17,16.9,46,0.53,31275,2025-10-22,FALSE,FALSE,TRUE,-0.13705583756345174,0.00591715976331364
68,2025-10-22,BERGERPBL,"1,420.4",1426,1410.6,1423,1420.4,"1,417.7",190,1.812,1277,2025-10-22,FALSE,FALSE,FALSE,0.0038162544169610957,0.0019044931932001852
69,2025-10-22,BESTHLDNG,14.8,14.8,14.2,14.8,14.7,14.8,344,5.068,349289,2025-10-22,FALSE,FALSE,FALSE,-0.18333333333333335,-0.006756756756756799
70,2025-10-22,BEXGSUKUK,0,0,0,0,62.5,62.5,0,0,0,2025-10-22,FALSE,FALSE,FALSE,0.03305785123966931,0
71,2025-10-22,BEXIMCO,110.1,110.1,110.1,110.1,110.1,110.1,1,0.233,2112,2025-10-22,FALSE,TRUE,FALSE,0,0
72,2025-10-22,BGIC,34.2,34.8,33.5,33.7,34.2,33.8,112,1.749,51785,2025-10-22,FALSE,FALSE,FALSE,0.03951367781155035,0.01183431952662728
73,2025-10-22,BIFC,2.8,2.8,2.6,2.6,2.8,2.6,12,0.031,11198,2025-10-22,FALSE,FALSE,FALSE,-0.17647058823529416,0.07692307692307687
74,2025-10-22,BNICL,45.1,45.8,43,44.5,45.1,44.3,652,14.173,319189,2025-10-22,FALSE,FALSE,FALSE,0.05868544600938974,0.01805869074492117
75,2025-10-22,BPML,30.1,30.3,29.7,30.2,30.1,30.4,222,3.167,105796,2025-10-22,FALSE,FALSE,FALSE,-0.14971751412429368,-0.009868421052631526
76,2025-10-22,BPPL,11.9,12.1,11.7,11.9,11.9,11.9,221,5.308,446204,2025-10-22,FALSE,FALSE,TRUE,-0.15000000000000002,0
77,2025-10-22,BRACBANK,69.9,70,68.5,68.5,69.9,68.6,683,28.617,410595,2025-10-22,FALSE,FALSE,FALSE,0.0028694404591105283,0.018950437317784452
78,2025-10-22,BSC,106.7,107.2,105,106.5,106.7,105.5,1277,38.858,365772,2025-10-22,FALSE,FALSE,FALSE,-0.05991189427312771,0.011374407582938506
79,2025-10-22,BSCPLC,0,0,0,0,131.9,131.9,0,0,0,2025-10-22,FALSE,FALSE,FALSE,-0.044895003620564755,0
80,2025-10-22,BSRMLTD,85.1,87,84.9,87,85.1,86.2,361,6.183,72411,2025-10-22,FALSE,FALSE,FALSE,-0.018454440599769417,-0.012761020881670637
81,2025-10-22,BSRMSTEEL,68.9,69,67.5,68.6,68.1,68.5,387,13.994,204004,2025-10-22,FALSE,FALSE,FALSE,0.041284403669724634,-0.00583941605839422
82,2025-10-22,BXPHARMA,108.8,112,108.1,112,108.8,109.9,405,9.595,87957,2025-10-22,FALSE,FALSE,FALSE,-0.07482993197278909,-0.010009099181073733
83,2025-10-22,CAPITECGBF,8.5,8.7,8,8.1,8.5,8.1,990,41.324,4904456,2025-10-22,FALSE,TRUE,FALSE,0.1333333333333333,0.04938271604938271
84,2025-10-22,CAPMBDBLMF,9.1,9.3,9,9.3,9.1,9.3,182,3.512,384274,2025-10-22,FALSE,FALSE,FALSE,-0.19469026548672574,-0.021505376344086113
85,2025-10-22,CAPMIBBLMF,8.3,8.4,8.1,8.3,8.2,8.1,51,0.784,95561,2025-10-22,FALSE,FALSE,FALSE,-0.098901098901099,0.012345679012345734
86,2025-10-22,CBLPBOND,0,0,0,0,1037500,"1,037,500",0,0,0,2025-10-22,FALSE,FALSE,FALSE,NA,NA
87,2025-10-22,CENTRALINS,39.7,39.7,38,39.1,39.1,39,170,2.743,70225,2025-10-22,FALSE,FALSE,TRUE,-0.05783132530120483,0.002564102564102555
88,2025-10-22,CENTRALPHL,8.8,9.1,8.7,9.1,8.8,8.9,90,0.866,98492,2025-10-22,FALSE,FALSE,TRUE,-0.1287128712871286,-0.011235955056179692
89,2025-10-22,CITYBANK,24.1,24.2,23.7,23.9,24.1,23.9,540,26.945,1121930,2025-10-22,FALSE,FALSE,FALSE,-0.04365079365079361,0.008368200836820217
90,2025-10-22,CITYGENINS,73.2,73.8,73,73.8,73.2,73.8,483,38.719,527870,2025-10-22,FALSE,FALSE,FALSE,0.10240963855421681,-0.008130081300812941
91,2025-10-22,CLICL,51.9,52.3,50.5,51.2,51.9,51,443,9.812,189803,2025-10-22,FALSE,FALSE,TRUE,-0.06822262118491929,0.01764705882352935
92,2025-10-22,CNATEX,2.8,2.9,2.7,2.8,2.8,2.8,60,0.533,191148,2025-10-22,FALSE,FALSE,FALSE,-0.06666666666666676,0
93,2025-10-22,CONFIDCEM,53.2,53.6,53.1,53.3,53.2,53.6,146,2.888,54224,2025-10-22,FALSE,FALSE,FALSE,-0.08591065292096223,-0.007462686567164201
94,2025-10-22,CONTININS,25.6,26,25.3,25.7,25.6,25.8,234,4.93,191951,2025-10-22,FALSE,FALSE,TRUE,-0.06227106227106227,-0.007751937984496138
95,2025-10-22,COPPERTECH,18.3,18.4,17.6,18.3,18.3,18,92,0.955,52404,2025-10-22,FALSE,FALSE,FALSE,-0.18666666666666665,0.016666666666666607
96,2025-10-22,CROWNCEMNT,53.5,53.5,52.2,52.5,52.6,52.4,32,0.327,6212,2025-10-22,FALSE,FALSE,FALSE,-0.1174496644295302,0.003816793893129722
97,2025-10-22,CRYSTALINS,53.5,53.5,51.5,52.3,52.8,52.2,605,13.022,247281,2025-10-22,FALSE,FALSE,TRUE,-0.040000000000000036,0.011494252873563093
98,2025-10-22,CVOPRL,174.5,176.5,171.2,173.9,174.5,173.4,2193,54.323,312654,2025-10-22,FALSE,FALSE,TRUE,-0.010770975056689336,0.006343713956170616
99,2025-10-22,DACCADYE,18.3,18.6,18.1,18.6,18.3,18.2,52,0.419,22914,2025-10-22,FALSE,FALSE,FALSE,-0.14084507042253525,0.005494505494505475
100,2025-10-22,DAFODILCOM,45.8,46.6,44.9,46,45.8,45.9,163,1.575,34502,2025-10-22,FALSE,FALSE,FALSE,-0.23539232053422376,-0.002178649237472796
101,2025-10-22,DBH,35.8,36.4,35.8,35.9,36,35.8,30,0.204,5677,2025-10-22,FALSE,FALSE,FALSE,-0.06735751295336789,0.005586592178770999
102,2025-10-22,DBH1STMF,5.8,5.9,5.6,5.8,5.8,5.6,122,1.797,307966,2025-10-22,FALSE,FALSE,FALSE,-0.13432835820895528,0.03571428571428581
103,2025-10-22,DBLPBOND,0,0,0,0,6131.5,"6,131.5",0,0,0,2025-10-22,FALSE,FALSE,FALSE,NA,NA
104,2025-10-22,DEBARACEM,0,0,0,0,1865,"1,865",0,0,0,2025-10-22,FALSE,FALSE,FALSE,NA,NA
105,2025-10-22,DEBBDLUGG,0,0,0,0,784,784,0,0,0,2025-10-22,FALSE,FALSE,FALSE,NA,NA
106,2025-10-22,DEBBDWELD,0,0,0,0,1418.5,"1,418.5",0,0,0,2025-10-22,FALSE,FALSE,FALSE,NA,NA
107,2025-10-22,DEBBDZIPP,0,0,0,0,700,700,0,0,0,2025-10-22,FALSE,FALSE,FALSE,NA,NA
108,2025-10-22,DEBBXDENIM,0,0,0,0,1450,"1,450",0,0,0,2025-10-22,FALSE,FALSE,FALSE,NA,NA
109,2025-10-22,DEBBXFISH,0,0,0,0,835,835,0,0,0,2025-10-22,FALSE,FALSE,FALSE,NA,NA
110,2025-10-22,DEBBXKNI,0,0,0,0,900,900,0,0,0,2025-10-22,FALSE,FALSE,FALSE,NA,NA
111,2025-10-22,DEBBXTEX,0,0,0,0,1300,"1,300",0,0,0,2025-10-22,FALSE,FALSE,FALSE,NA,NA
112,2025-10-22,DELTALIFE,74.6,75.5,74.5,75.1,74.6,75.3,218,2.459,32837,2025-10-22,FALSE,FALSE,TRUE,-0.052096569250317804,-0.009296148738379806
113,2025-10-22,DELTASPINN,4.4,4.6,4.4,4.5,4.4,4.5,61,0.605,135270,2025-10-22,FALSE,FALSE,TRUE,-0.19999999999999996,-0.022222222222222143
114,2025-10-22,DESCO,19.9,20.2,19.5,19.8,19.7,20.1,65,0.25,12631,2025-10-22,FALSE,FALSE,FALSE,-0.1652542372881357,-0.019900497512437942
115,2025-10-22,DESHBANDHU,16.7,17.5,16.6,17.4,16.7,17.5,520,6.896,409416,2025-10-22,FALSE,FALSE,TRUE,-0.215962441314554,-0.04571428571428571
116,2025-10-22,DGIC,20.8,21,20.6,20.6,20.8,20.7,77,0.818,39306,2025-10-22,FALSE,FALSE,TRUE,-0.07964601769911506,0.004830917874396157
117,2025-10-22,DHAKABANK,10.8,10.8,10.6,10.7,10.7,10.7,244,4.975,465844,2025-10-22,FALSE,FALSE,TRUE,-0.03603603603603611,0
118,2025-10-22,DHAKAINS,39,39,37.5,38.2,38.5,38.2,145,1.576,41371,2025-10-22,FALSE,FALSE,TRUE,0.0158311345646438,0.00785340314136107
119,2025-10-22,DOMINAGE,23.4,23.6,22.8,23.4,23.4,23.4,1797,134.37,5775111,2025-10-22,FALSE,TRUE,FALSE,0.24468085106382964,0
120,2025-10-22,DOREENPWR,28.1,28.7,27.7,28,28.1,28,249,8.861,315245,2025-10-22,FALSE,FALSE,FALSE,-0.11075949367088611,0.0035714285714285587
121,2025-10-22,DSHGARME,101.3,102.4,95,98,101.3,100.1,483,3.462,34795,2025-10-22,FALSE,FALSE,TRUE,-0.19857594936708867,0.011988011988012026
122,2025-10-22,DSSL,9.2,9.2,8.9,9.2,9,9.2,239,3.413,378249,2025-10-22,FALSE,FALSE,FALSE,-0.18918918918918914,-0.021739130434782483
123,2025-10-22,DULAMIACOT,137.1,138.8,134.9,138.8,137.1,137.3,200,2.206,16189,2025-10-22,FALSE,FALSE,FALSE,0.04021244309559924,-0.0014566642388930129
124,2025-10-22,DUTCHBANGL,38.5,38.9,38.4,38.9,38.5,38.7,159,5.824,151281,2025-10-22,FALSE,FALSE,FALSE,-0.056372549019607754,-0.0051679586563307955
125,2025-10-22,EASTERNINS,50,50.8,48.1,48.1,50,49.5,224,3.489,70426,2025-10-22,FALSE,FALSE,TRUE,-0.011857707509881465,0.010101010101010166
126,2025-10-22,EASTLAND,20.1,20.8,20,20.8,20.2,20.2,118,1.932,95527,2025-10-22,FALSE,FALSE,TRUE,-0.03349282296650713,0
127,2025-10-22,EASTRNLUB,"2,447.9",2470,2435,2435,2447.9,"2,437.2",394,5.797,2367,2025-10-22,FALSE,FALSE,TRUE,0.006703405165323417,0.0043902839323815
128,2025-10-22,EBL,22.7,23.3,22.7,23.3,22.7,22.8,390,15.629,686199,2025-10-22,FALSE,FALSE,FALSE,-0.09200000000000008,-0.004385964912280715
129,2025-10-22,EBL1STMF,4,4,3.9,3.9,3.9,3.9,27,0.132,33735,2025-10-22,FALSE,FALSE,FALSE,-0.07142857142857151,0
130,2025-10-22,EBLNRBMF,2.8,2.9,2.8,2.9,2.8,2.9,20,0.521,184173,2025-10-22,FALSE,FALSE,FALSE,-0.1250000000000001,-0.034482758620689724
131,2025-10-22,ECABLES,114.5,114.5,112.6,113,114,114.9,56,0.848,7462,2025-10-22,FALSE,FALSE,TRUE,-0.1498881431767337,-0.007832898172323799
132,2025-10-22,EGEN,23.5,24,22.8,23.8,23.5,24,1286,27.84,1192823,2025-10-22,FALSE,FALSE,FALSE,-0.17832167832167833,-0.02083333333333337
133,2025-10-22,EHL,73.1,73.5,72.4,73.2,73.1,72.7,266,6.828,93475,2025-10-22,FALSE,FALSE,FALSE,-0.13491124260355036,0.005502063273727487
134,2025-10-22,EIL,30.1,30.4,29.6,30.3,30,30.1,476,9.273,310144,2025-10-22,FALSE,FALSE,TRUE,-0.06542056074766356,-0.0033222591362126463
135,2025-10-22,EMERALDOIL,15.3,16,15.2,15.4,15.3,15.6,120,0.981,63661,2025-10-22,FALSE,FALSE,FALSE,-0.012903225806451535,-0.019230769230769162
136,2025-10-22,ENVOYTEX,54.3,54.6,53.6,54.3,54.3,54.1,829,32.154,592992,2025-10-22,FALSE,FALSE,FALSE,-0.07966101694915262,0.003696857670979492
137,2025-10-22,EPGL,16,16.1,15.5,16,16,16,96,1.247,78258,2025-10-22,FALSE,FALSE,FALSE,-0.18781725888324874,0
138,2025-10-22,ESQUIRENIT,23.7,24,23.1,23.1,23.7,23.7,82,0.755,31777,2025-10-22,FALSE,FALSE,FALSE,-0.13186813186813195,0
139,2025-10-22,ETL,8.8,9,8.7,8.9,8.8,8.9,210,4.035,457778,2025-10-22,FALSE,FALSE,FALSE,-0.16190476190476188,-0.011235955056179692
140,2025-10-22,EXIM1STMF,3.7,3.7,3.6,3.7,3.7,3.7,62,0.682,188522,2025-10-22,FALSE,FALSE,FALSE,-0.09756097560975596,0
141,2025-10-22,EXIMBANK,3.4,3.5,3.3,3.5,3.4,3.4,210,3.044,898736,2025-10-22,FALSE,FALSE,FALSE,0.17241379310344818,0
142,2025-10-22,FAMILYTEX,1.6,1.7,1.5,1.7,1.6,1.6,107,0.532,331857,2025-10-22,FALSE,FALSE,TRUE,-0.11111111111111105,0
143,2025-10-22,FARCHEM,20.2,20.4,19.5,20.4,20.2,19.7,159,1.831,91056,2025-10-22,FALSE,FALSE,FALSE,-0.047169811320754707,0.025380710659898442
144,2025-10-22,FAREASTFIN,1.1,1.2,1,1.1,1.1,1.1,86,0.586,572103,2025-10-22,FALSE,FALSE,FALSE,0,0
145,2025-10-22,FAREASTLIF,24.1,24.5,23.8,24.1,24.1,24.2,47,0.448,18638,2025-10-22,FALSE,FALSE,TRUE,-0.12363636363636354,-0.004132231404958553
146,2025-10-22,FASFIN,1,1.1,1,1.1,1,1.1,76,0.474,467636,2025-10-22,FALSE,FALSE,TRUE,-0.16666666666666663,-0.09090909090909094
147,2025-10-22,FBFIF,3,3,2.9,3,2.9,2.9,25,0.422,145050,2025-10-22,FALSE,FALSE,FALSE,-0.09375000000000011,0
148,2025-10-22,FEDERALINS,21.1,21.9,21,21.9,21.1,21.1,113,1.253,59279,2025-10-22,FALSE,FALSE,TRUE,-0.040909090909090895,0
149,2025-10-22,FEKDIL,18.2,18.4,17.7,17.7,18.2,17.7,764,28.606,1585704,2025-10-22,FALSE,FALSE,FALSE,-0.1291866028708134,0.02824858757062154
150,2025-10-22,FINEFOODS,313.8,313.9,308,313.4,313.2,311.9,866,51.169,163663,2025-10-22,FALSE,FALSE,FALSE,0.022526934378060748,0.004168002564924667
151,2025-10-22,FIRSTFIN,2.1,2.2,2,2.2,2,2.1,33,0.123,60540,2025-10-22,FALSE,FALSE,FALSE,-0.09090909090909094,-0.04761904761904767
152,2025-10-22,FIRSTSBANK,2.4,2.7,2.4,2.6,2.4,2.6,578,9.433,3813367,2025-10-22,FALSE,FALSE,TRUE,0.26315789473684204,-0.07692307692307698
153,2025-10-22,FORTUNE,13.8,13.9,13.6,13.7,13.8,13.9,85,0.654,47523,2025-10-22,FALSE,FALSE,TRUE,-0.11538461538461531,-0.007194244604316502
154,2025-10-22,FUWANGCER,11.5,11.6,11.4,11.5,11.5,11.6,227,2.94,256314,2025-10-22,FALSE,FALSE,TRUE,-0.15441176470588236,-0.008620689655172376
155,2025-10-22,FUWANGFOOD,12.1,12.4,12,12,12.1,12.2,198,4.554,376590,2025-10-22,FALSE,FALSE,FALSE,-0.1768707482993197,-0.008196721311475419
156,2025-10-22,GBBPOWER,6.4,6.5,6.3,6.5,6.4,6.4,38,0.504,79090,2025-10-22,FALSE,FALSE,FALSE,-0.04477611940298509,0
157,2025-10-22,GEMINISEA,134.1,138.4,131.5,135.5,134.1,135.5,488,5.119,38474,2025-10-22,FALSE,FALSE,TRUE,-0.2257505773672055,-0.010332103321033292
158,2025-10-22,GENEXIL,27,27.5,26.8,27,27,27.1,818,17.284,637243,2025-10-22,FALSE,FALSE,FALSE,-0.05594405594405594,-0.0036900369003690647
159,2025-10-22,GENNEXT,2.7,2.8,2.6,2.7,2.7,2.7,98,1.246,465215,2025-10-22,FALSE,FALSE,FALSE,-0.06896551724137923,0
160,2025-10-22,GHAIL,11.1,11.1,10.8,11,11.1,11.1,108,1.441,130994,2025-10-22,FALSE,FALSE,FALSE,-0.13953488372093026,0
161,2025-10-22,GHCL,21.7,21.7,20.4,21.6,21.7,21,154,1.212,56135,2025-10-22,FALSE,FALSE,FALSE,-0.04824561403508776,0.033333333333333215
162,2025-10-22,GIB,1.9,2,1.9,1.9,1.9,1.9,88,1.949,1023625,2025-10-22,FALSE,FALSE,FALSE,0.3571428571428572,0
163,2025-10-22,GLDNJMF,7.2,7.2,6.8,6.9,7.2,6.9,326,10.2,1445669,2025-10-22,FALSE,FALSE,FALSE,0.014084507042253502,0.04347826086956519
164,2025-10-22,GLOBALINS,26.8,27,26.1,27,26.8,26.5,111,0.689,25907,2025-10-22,FALSE,FALSE,FALSE,-0.042857142857142816,0.01132075471698113
165,2025-10-22,GOLDENSON,10.5,10.7,10.1,10.3,10.5,10.4,259,3.578,346586,2025-10-22,FALSE,FALSE,FALSE,-0.17322834645669283,0.009615384615384581
166,2025-10-22,GP,286.4,288.9,285,288.9,286.4,285.9,462,9.801,34241,2025-10-22,FALSE,FALSE,TRUE,-0.04214046822742479,0.0017488632388946712
167,2025-10-22,GPHISPAT,17.8,17.9,17.5,17.8,17.8,17.9,317,5.857,330624,2025-10-22,FALSE,FALSE,FALSE,-0.14009661835748788,-0.005586592178770777
168,2025-10-22,GQBALLPEN,535.2,536.6,525.9,526.1,535.2,534,272,6.829,12813,2025-10-22,FALSE,FALSE,FALSE,-0.029027576197387495,0.0022471910112360494
169,2025-10-22,GRAMEENS2,11.5,11.9,11.5,11.8,11.6,11.7,131,3.238,277100,2025-10-22,FALSE,FALSE,TRUE,-0.09375000000000011,-0.008547008547008517
170,2025-10-22,GREENDELMF,3.4,3.4,3.3,3.4,3.4,3.4,32,0.074,22505,2025-10-22,FALSE,FALSE,FALSE,-0.08108108108108114,0
171,2025-10-22,GREENDELT,54.1,54.3,52.6,54.2,54.1,53.3,120,2.481,46182,2025-10-22,FALSE,FALSE,FALSE,0.09292929292929286,0.015009380863039379
172,2025-10-22,GSPFINANCE,2.4,2.5,2.3,2.5,2.3,2.4,27,0.055,23808,2025-10-22,FALSE,FALSE,FALSE,-0.08000000000000007,-0.04166666666666674
173,2025-10-22,HAKKANIPUL,58.1,60,57.1,60,58.1,60.6,632,10.393,177657,2025-10-22,FALSE,FALSE,FALSE,-0.2464332036316471,-0.041254125412541254
174,2025-10-22,HAMI,112.4,115.9,108.3,108.3,112.4,110.1,182,1.951,17413,2025-10-22,FALSE,FALSE,FALSE,-0.11843137254901959,0.020890099909173676
175,2025-10-22,HEIDELBCEM,234.4,236.8,225.1,236.8,228.4,229.2,31,0.299,1307,2025-10-22,FALSE,FALSE,TRUE,-0.06623058053965658,-0.003490401396160525
176,2025-10-22,HFL,5.8,5.9,5.7,5.8,5.8,5.9,72,0.505,87208,2025-10-22,FALSE,FALSE,FALSE,-0.13432835820895528,-0.016949152542372947
177,2025-10-22,HRTEX,18.2,18.5,17.7,18.5,18.2,18.7,147,0.585,32485,2025-10-22,FALSE,FALSE,TRUE,-0.20869565217391306,-0.0267379679144385
178,2025-10-22,HWAWELLTEX,45,45.2,44.9,44.9,45,45.2,36,0.511,11338,2025-10-22,FALSE,FALSE,FALSE,-0.09638554216867468,-0.004424778761062065
179,2025-10-22,IBBL2PBOND,0,0,0,0,4017.5,"4,017.5",0,0,0,2025-10-22,FALSE,FALSE,FALSE,NA,NA
180,2025-10-22,IBBLPBOND,0,0,0,0,674,674,0,0,0,2025-10-22,FALSE,FALSE,FALSE,NA,NA
181,2025-10-22,IBNSINA,294.7,298,292.9,296.8,294.7,296.8,242,4.434,15047,2025-10-22,FALSE,FALSE,FALSE,-0.06385006353240164,-0.007075471698113289
182,2025-10-22,IBP,11.5,11.7,11.3,11.7,11.5,11.6,359,5.336,466417,2025-10-22,FALSE,FALSE,FALSE,-0.16058394160583933,-0.008620689655172376
183,2025-10-22,ICB,46.1,47.8,45.9,46.9,46.3,46.6,159,2.659,56860,2025-10-22,FALSE,FALSE,FALSE,-0.1044487427466152,-0.006437768240343478
184,2025-10-22,ICB3RDNRB,4.1,4.1,3.9,4.1,4,4.1,11,0.058,14455,2025-10-22,FALSE,FALSE,FALSE,-0.11111111111111116,-0.024390243902438935
185,2025-10-22,ICBAGRANI1,6.8,6.8,6.7,6.7,6.7,6.6,20,0.205,30560,2025-10-22,FALSE,FALSE,FALSE,-0.042857142857142816,0.015151515151515138
186,2025-10-22,ICBAMCL2ND,5.9,5.9,5.7,5.8,5.8,5.7,14,0.003,608,2025-10-22,FALSE,FALSE,FALSE,-0.033333333333333326,0.01754385964912264
187,2025-10-22,ICBEPMF1S1,4,4.1,3.9,4.1,4,3.9,29,0.161,40462,2025-10-22,FALSE,FALSE,TRUE,-0.13043478260869557,0.025641025641025772
188,2025-10-22,ICBIBANK,2.7,2.8,2.7,2.8,2.7,2.7,45,1.065,388139,2025-10-22,FALSE,FALSE,FALSE,0.2857142857142858,0
189,2025-10-22,ICBSONALI1,5,5,4.8,4.9,4.9,4.9,118,4.195,856229,2025-10-22,FALSE,FALSE,FALSE,-0.039215686274509665,0
190,2025-10-22,ICICL,22.4,22.5,22.1,22.2,22.4,22.3,116,1.884,84079,2025-10-22,FALSE,FALSE,FALSE,-0.004444444444444473,0.004484304932735439
191,2025-10-22,IDLC,37.7,37.9,37.3,37.8,37.7,37.9,127,3.221,85653,2025-10-22,FALSE,FALSE,TRUE,-0.0714285714285714,-0.005277044854881119
192,2025-10-22,IFADAUTOS,21.3,21.4,20.9,21.4,21.3,21,103,2.271,107060,2025-10-22,FALSE,FALSE,FALSE,-0.14457831325301196,0.014285714285714235
193,2025-10-22,IFIC,5.2,5.2,5,5.2,5.2,5.2,360,9.308,1820572,2025-10-22,FALSE,FALSE,TRUE,0.061224489795918435,0
194,2025-10-22,IFIC1STMF,3.1,3.1,3,3.1,3.1,3.1,37,0.753,249873,2025-10-22,FALSE,FALSE,TRUE,-0.03125,0
195,2025-10-22,IFILISLMF1,4.2,4.2,4,4.1,4.1,4.1,17,0.165,40400,2025-10-22,FALSE,FALSE,FALSE,-0.04651162790697683,0
196,2025-10-22,ILFSL,1.1,1.2,1,1.1,1.1,1.1,47,0.32,291370,2025-10-22,FALSE,FALSE,TRUE,-0.2142857142857142,0
197,2025-10-22,INDEXAGRO,71.3,72.6,70.9,71.5,71.3,71.8,113,1.139,15981,2025-10-22,FALSE,FALSE,FALSE,-0.10427135678391952,-0.0069637883008356605
198,2025-10-22,INTECH,30.2,30.9,27.7,29.5,30.2,30.6,1369,30.206,1018186,2025-10-22,FALSE,FALSE,FALSE,-0.17486338797814216,-0.013071895424836666
199,2025-10-22,INTRACO,26,26.5,24.7,25.6,26,25,664,26.466,1023951,2025-10-22,FALSE,FALSE,FALSE,-0.02621722846441943,0.040000000000000036
200,2025-10-22,IPDC,20.1,20.3,19.7,20,20.1,20,620,19.83,989801,2025-10-22,FALSE,FALSE,FALSE,-0.10666666666666658,0.0050000000000001155
201,2025-10-22,ISLAMIBANK,37.9,38,37.2,37.8,37.9,38,284,4.747,126006,2025-10-22,FALSE,FALSE,TRUE,-0.08232445520581111,-0.0026315789473684292
202,2025-10-22,ISLAMICFIN,6.7,7,6.6,6.9,6.7,6.8,51,0.211,31575,2025-10-22,FALSE,FALSE,FALSE,-0.042857142857142816,-0.014705882352941124
203,2025-10-22,ISLAMIINS,39.5,40.6,39,39,39.5,39.3,57,0.872,22104,2025-10-22,FALSE,FALSE,TRUE,-0.012499999999999956,0.0050890585241731845
204,2025-10-22,ISNLTD,96.3,99,84.1,84.1,96.3,93.4,2761,69.5,749926,2025-10-22,FALSE,FALSE,FALSE,-0.13709677419354838,0.031049250535331918
205,2025-10-22,ITC,39.5,40.8,39.2,40.3,39.5,40.3,727,16.722,420288,2025-10-22,FALSE,FALSE,TRUE,-0.12222222222222223,-0.01985111662531014
206,2025-10-22,JAMUNABANK,20.9,21.1,20.8,21,20.9,21,188,10.174,485871,2025-10-22,FALSE,FALSE,FALSE,-0.02336448598130836,-0.004761904761904856
207,2025-10-22,JAMUNAOIL,186,187.9,177.9,177.9,186.5,187.2,156,2.426,13013,2025-10-22,FALSE,FALSE,FALSE,-0.0021401819154628354,-0.003739316239316226
208,2025-10-22,JANATAINS,25.5,25.7,24.4,25,25.2,24.6,167,2.118,85121,2025-10-22,FALSE,FALSE,FALSE,-0.03816793893129766,0.024390243902439046
209,2025-10-22,JHRML,48.3,48.8,47.3,47.8,48.3,47.8,191,3.698,76752,2025-10-22,FALSE,FALSE,FALSE,-0.13129496402877705,0.010460251046025215
210,2025-10-22,JMISMDL,128.1,129.5,125.2,125.2,128.1,127.7,71,0.767,5965,2025-10-22,FALSE,FALSE,FALSE,-0.11103400416377518,0.003132341425215346
211,2025-10-22,JUTESPINN,201.3,201.3,194.1,195,195,193.6,89,0.467,2393,2025-10-22,FALSE,FALSE,TRUE,-0.13602126716880814,0.00723140495867769
212,2025-10-22,KARNAPHULI,30.3,30.9,29.7,30.8,30.3,30.1,465,10.133,335340,2025-10-22,FALSE,FALSE,FALSE,-0.01941747572815522,0.006644518272425293
213,2025-10-22,KAY&QUE,381,388,375.3,380.4,381,383.4,1272,28.703,75276,2025-10-22,FALSE,FALSE,TRUE,0.02889549014312709,-0.006259780907668211
214,2025-10-22,KBPPWBIL,102.6,110.3,101,108.9,102.6,104.3,6184,141.197,1341492,2025-10-22,FALSE,FALSE,TRUE,-0.33333333333333337,-0.016299137104506256
215,2025-10-22,KDSALTD,39.8,40.3,38.4,39.5,39.8,39.1,576,16.593,423294,2025-10-22,FALSE,FALSE,FALSE,-0.17768595041322321,0.01790281329923271
216,2025-10-22,KEYACOSMET,4.5,4.6,4.4,4.6,4.5,4.6,255,3.228,718626,2025-10-22,FALSE,FALSE,FALSE,-0.021739130434782483,-0.021739130434782483
217,2025-10-22,KOHINOOR,563.1,570,560,562.3,563.1,569.1,459,7.072,12521,2025-10-22,FALSE,FALSE,FALSE,0.0057153063046972985,-0.010542962572482883
218,2025-10-22,KPCL,10.2,10.4,10,10.2,10.1,10.2,113,1.711,169732,2025-10-22,FALSE,FALSE,TRUE,-0.028846153846153966,-0.009803921568627416
219,2025-10-22,KPPL,12.5,12.7,12.5,12.7,12.5,12.7,144,1.412,112705,2025-10-22,FALSE,FALSE,FALSE,0.008064516129032251,-0.015748031496062964
220,2025-10-22,KTL,10.6,10.7,10.3,10.7,10.6,10.6,235,3.638,345502,2025-10-22,FALSE,FALSE,FALSE,-0.20300751879699253,0
221,2025-10-22,LANKABAFIN,13.7,13.8,13.5,13.6,13.7,13.6,393,10.921,799360,2025-10-22,FALSE,FALSE,TRUE,-0.20348837209302328,0.007352941176470562
222,2025-10-22,LEGACYFOOT,51.6,52.3,50.7,52.3,51.6,52,303,3.687,71801,2025-10-22,FALSE,FALSE,TRUE,-0.19626168224299068,-0.007692307692307665
223,2025-10-22,LHB,53.3,53.8,51.9,51.9,53.3,51.2,1264,65.297,1232450,2025-10-22,FALSE,FALSE,FALSE,-0.016605166051660625,0.04101562499999978
224,2025-10-22,LIBRAINFU,695,695.9,686.6,686.6,692.2,692.1,160,1.768,2554,2025-10-22,FALSE,FALSE,TRUE,-0.09928432010409882,1.4448779078168883e-4
225,2025-10-22,LINDEBD,786.2,790,784.9,787,786.2,790.3,331,5.123,6512,2025-10-22,FALSE,FALSE,FALSE,-0.13280388263842924,-0.005187903327850019
226,2025-10-22,LOVELLO,96.1,96.8,93.6,93.6,96.1,94,1654,85.123,889757,2025-10-22,FALSE,FALSE,FALSE,-0.016376663254861867,0.022340425531914843
227,2025-10-22,LRBDL,13.1,13.1,12.6,12.7,13.1,12.9,124,1.227,94730,2025-10-22,FALSE,FALSE,TRUE,-0.07092198581560283,0.015503875968992276
228,2025-10-22,LRGLOBMF1,3.3,3.4,3.2,3.4,3.3,3.3,13,0.19,57703,2025-10-22,FALSE,FALSE,FALSE,-0.05714285714285716,0
229,2025-10-22,MAGURAPLEX,86.6,87.8,85,87.8,86.6,87.8,659,12.728,147214,2025-10-22,FALSE,FALSE,TRUE,-0.16730769230769238,-0.013667425968109326
230,2025-10-22,MAKSONSPIN,5.5,5.9,5.4,5.9,5.5,5.8,158,1.315,237770,2025-10-22,FALSE,FALSE,FALSE,-0.16666666666666663,-0.051724137931034475
231,2025-10-22,MALEKSPIN,28.2,28.3,27.2,27.5,28.2,27.5,427,10.682,382699,2025-10-22,FALSE,FALSE,FALSE,-0.1454545454545455,0.025454545454545396
232,2025-10-22,MARICO,"2,789.4",2799,2776,2797.9,2789.4,"2,762.7",32,1.428,512,2025-10-22,FALSE,FALSE,FALSE,0.0030204962243798317,0.009664458681724497
233,2025-10-22,MATINSPINN,56.1,56.4,55.6,56.4,56.1,55.5,265,7.056,126161,2025-10-22,FALSE,FALSE,FALSE,0,0.010810810810810922
234,2025-10-22,MBL1STMF,4,4.2,3.9,4,3.9,4,41,0.53,129430,2025-10-22,FALSE,FALSE,FALSE,-0.1333333333333333,-0.025000000000000022
235,2025-10-22,MBPLCPBOND,0,0,0,0,4850,"4,850",0,0,0,2025-10-22,FALSE,FALSE,FALSE,NA,NA
236,2025-10-22,MEGCONMILK,15.1,15.4,14.8,15.3,15.1,15.2,31,0.029,1939,2025-10-22,FALSE,FALSE,TRUE,-0.10650887573964496,-0.006578947368421018
237,2025-10-22,MEGHNACEM,41.6,44.5,41.4,43.2,41.6,43.2,80,0.3,7082,2025-10-22,FALSE,FALSE,TRUE,-0.14226804123711334,-0.03703703703703709
238,2025-10-22,MEGHNAINS,28.7,29,26.9,27.1,28.7,27.3,1313,21.612,768424,2025-10-22,FALSE,FALSE,FALSE,0.10810810810810811,0.05128205128205132
239,2025-10-22,MEGHNALIFE,56.2,57,55.3,55.8,56.2,55.8,206,3.415,60737,2025-10-22,FALSE,FALSE,TRUE,-0.08914100486223664,0.007168458781362075
240,2025-10-22,MEGHNAPET,22.5,23.2,21.6,22.5,22.5,22.6,28,0.154,6808,2025-10-22,FALSE,FALSE,FALSE,-0.08163265306122447,-0.004424778761062065
241,2025-10-22,MERCANBANK,8.3,8.5,8.3,8.4,8.3,8.4,108,3.344,398377,2025-10-22,FALSE,FALSE,FALSE,-0.08791208791208782,-0.011904761904761862
242,2025-10-22,MERCINS,25.4,25.5,24.9,25.5,25,25,9,0.096,3849,2025-10-22,FALSE,FALSE,TRUE,-0.019607843137254943,0
243,2025-10-22,METROSPIN,9.4,9.7,8.8,9.2,8.9,9.5,64,0.286,31703,2025-10-22,FALSE,FALSE,FALSE,-0.1834862385321101,-0.06315789473684208
244,2025-10-22,MHSML,14,14.2,13.8,14.2,14,13.9,104,1.511,108246,2025-10-22,FALSE,FALSE,TRUE,-0.1954022988505747,0.007194244604316502
245,2025-10-22,MIDASFIN,5.5,5.6,5.4,5.6,5.5,5.5,21,0.15,27433,2025-10-22,FALSE,FALSE,TRUE,-0.11290322580645162,0
246,2025-10-22,MIDLANDBNK,20.5,21,20.4,20.6,20.5,20.5,783,34.483,1670807,2025-10-22,FALSE,FALSE,FALSE,0.04591836734693877,0
247,2025-10-22,MIRACLEIND,32.4,33.4,31,31.7,32.4,31.5,570,5.496,168795,2025-10-22,FALSE,FALSE,TRUE,-0.04424778761061943,0.02857142857142847
248,2025-10-22,MIRAKHTER,29.7,29.9,29.2,29.6,29.7,29.7,207,4.463,150813,2025-10-22,FALSE,FALSE,FALSE,-0.06896551724137934,0
249,2025-10-22,MITHUNKNIT,13.6,14.1,13.3,13.3,13.6,14,77,0.479,34904,2025-10-22,FALSE,FALSE,FALSE,-0.16564417177914115,-0.02857142857142858
250,2025-10-22,MJLBD,93.9,94.6,92,94.1,93.9,94.1,245,6.056,64554,2025-10-22,FALSE,FALSE,FALSE,-0.0418367346938775,-0.002125398512220933
251,2025-10-22,MLDYEING,8.3,8.3,8.1,8.3,8.3,8.3,85,0.764,92698,2025-10-22,FALSE,FALSE,TRUE,-0.09782608695652162,0
252,2025-10-22,MONNOAGML,288.1,291,284,290.3,288.1,293.3,309,2.659,9243,2025-10-22,FALSE,FALSE,TRUE,-0.23722531109346034,-0.017729287419024797
253,2025-10-22,MONNOCERA,71.7,72.8,70.2,72.8,71.7,73,590,6.014,84237,2025-10-22,FALSE,FALSE,TRUE,-0.20509977827050996,-0.017808219178082174
254,2025-10-22,MONNOFABR,16,16.5,15.9,16.4,16,16.4,589,15.632,971236,2025-10-22,FALSE,FALSE,FALSE,-0.23809523809523814,-0.024390243902438935
255,2025-10-22,MONOSPOOL,92.7,93.8,92,93.7,92.7,93.6,464,8.102,87418,2025-10-22,FALSE,FALSE,TRUE,-0.16108597285067872,-0.00961538461538447
256,2025-10-22,MPETROLEUM,210,210.2,209.5,210.2,209.8,210.2,82,2.18,10396,2025-10-22,FALSE,FALSE,FALSE,0.003827751196172402,-0.0019029495718362321
257,2025-10-22,MTB,12,12.3,12,12.2,12.1,12.2,58,1.287,106097,2025-10-22,FALSE,FALSE,FALSE,-0.03968253968253965,-0.008196721311475419
258,2025-10-22,MTBPBOND,0,0,0,0,1000000,"1,000,000",0,0,0,2025-10-22,FALSE,FALSE,FALSE,NA,NA
259,2025-10-22,NAHEEACP,19.4,19.4,19,19.2,19.3,19.5,363,5.473,286215,2025-10-22,FALSE,FALSE,FALSE,-0.23715415019762842,-0.01025641025641022
260,2025-10-22,NATLIFEINS,102.1,102.7,100,102.2,102.1,100.7,175,2.516,24783,2025-10-22,FALSE,FALSE,TRUE,-0.07350272232304911,0.013902681231380276
261,2025-10-22,NAVANACNG,21.7,21.8,21.2,21.2,21.7,21.4,137,1.368,63341,2025-10-22,FALSE,FALSE,FALSE,-0.07264957264957261,0.014018691588784993
262,2025-10-22,NAVANAPHAR,51,51.1,50,50.4,50.8,50.9,265,3.348,65959,2025-10-22,FALSE,FALSE,FALSE,-0.12262521588946462,-0.0019646365422396617
263,2025-10-22,NBL,3.3,3.4,3.1,3.4,3.3,3.3,189,4.298,1329582,2025-10-22,FALSE,FALSE,FALSE,0,0
264,2025-10-22,NCCBANK,11.5,11.6,11.4,11.6,11.5,11.5,211,8.993,784105,2025-10-22,FALSE,FALSE,TRUE,-0.04958677685950408,0
265,2025-10-22,NCCBLMF1,4.6,4.6,4.4,4.6,4.5,4.4,10,0.01,2139,2025-10-22,FALSE,FALSE,FALSE,-0.0625,0.022727272727272707
266,2025-10-22,NEWLINE,4.4,4.5,4.3,4.5,4.4,4.4,77,0.585,133485,2025-10-22,FALSE,FALSE,FALSE,-0.13725490196078416,0
267,2025-10-22,NFML,12.1,12.2,11.7,11.8,12.1,11.8,107,1.41,117827,2025-10-22,FALSE,FALSE,TRUE,0.26041666666666674,0.025423728813559254
268,2025-10-22,NHFIL,24.3,24.5,23.2,23.7,24.3,23.7,622,14.542,609131,2025-10-22,FALSE,FALSE,FALSE,-0.05078125,0.025316455696202667
269,2025-10-22,NITOLINS,26.9,27.7,26.4,27.3,26.9,26.3,77,2.279,82801,2025-10-22,FALSE,FALSE,TRUE,-0.011029411764705954,0.02281368821292773
270,2025-10-22,NORTHERN,85.7,89.9,85,89.9,85.7,87.4,51,0.094,1095,2025-10-22,FALSE,FALSE,TRUE,-0.14556331006979062,-0.0194508009153318
271,2025-10-22,NORTHRNINS,30.2,30.7,29.3,30,30.2,29,51,0.457,15306,2025-10-22,FALSE,FALSE,FALSE,0.0033222591362125353,0.04137931034482767
272,2025-10-22,NPOLYMER,28.4,29,28.4,28.8,28.5,28.8,70,0.724,25335,2025-10-22,FALSE,FALSE,FALSE,-0.13636363636363635,-0.01041666666666674
273,2025-10-22,NRBBANK,6.6,6.8,6.6,6.7,6.6,6.7,114,2.033,305243,2025-10-22,FALSE,FALSE,TRUE,-0.19512195121951215,-0.014925373134328401
274,2025-10-22,NRBCBANK,5.6,5.8,5.6,5.7,5.6,5.7,82,1.177,208204,2025-10-22,FALSE,FALSE,FALSE,-0.08196721311475408,-0.01754385964912286
275,2025-10-22,NTC,166,166,160.6,160.7,162.9,168.8,14,0.078,479,2025-10-22,FALSE,FALSE,FALSE,-0.09045226130653261,-0.03495260663507116
276,2025-10-22,NTLTUBES,69,69.7,68.6,68.6,69,68.9,75,0.665,9642,2025-10-22,FALSE,FALSE,FALSE,-0.12878787878787878,0.0014513788098693414
277,2025-10-22,NURANI,2,2.1,1.9,2.1,2,2.1,47,0.237,119507,2025-10-22,FALSE,FALSE,FALSE,-0.16666666666666663,-0.04761904761904767
278,2025-10-22,OAL,5.9,6,5.8,5.9,5.9,5.9,44,0.196,33467,2025-10-22,FALSE,FALSE,TRUE,-0.10606060606060597,0
279,2025-10-22,OIMEX,19.9,20.2,19.7,20,19.9,20,259,5.309,266908,2025-10-22,FALSE,FALSE,TRUE,-0.219607843137255,-0.0050000000000001155
280,2025-10-22,OLYMPIC,149,149,145.1,147.3,148.2,147.8,206,4.686,31775,2025-10-22,FALSE,FALSE,FALSE,-0.050000000000000044,0.0027063599458725385
281,2025-10-22,ONEBANKPLC,7,7.1,6.9,7.1,7,7.1,243,8.109,1160004,2025-10-22,FALSE,FALSE,FALSE,-0.041095890410958846,-0.014084507042253502
282,2025-10-22,ORIONINFU,488.3,491,467.4,484.1,488.3,487.4,3040,271.122,558489,2025-10-22,FALSE,FALSE,FALSE,-0.05606031316450788,0.0018465326220764577
283,2025-10-22,ORIONPHARM,31.3,31.5,30.9,31.5,31.3,31.1,162,2.258,72286,2025-10-22,FALSE,FALSE,FALSE,-0.1207865168539326,0.006430868167202508
284,2025-10-22,PADMALIFE,18.3,18.7,18.2,18.2,18.3,18.6,14,0.104,5672,2025-10-22,FALSE,FALSE,FALSE,-0.10731707317073169,-0.016129032258064502
285,2025-10-22,PADMAOIL,195,195.3,193.1,193.1,195,194.6,94,3.122,16024,2025-10-22,FALSE,FALSE,FALSE,-0.016641452344931973,0.0020554984583762703
286,2025-10-22,PARAMOUNT,42.6,43,41.4,43,41.7,41.8,159,1.984,47325,2025-10-22,FALSE,FALSE,TRUE,-0.05011389521640086,-0.0023923444976075015
287,2025-10-22,PBLPBOND,0,0,0,0,4720,"4,720",0,0,0,2025-10-22,FALSE,FALSE,FALSE,NA,NA
288,2025-10-22,PDL,5.6,5.7,5.2,5.7,5.3,5.6,142,1.427,264683,2025-10-22,FALSE,FALSE,FALSE,-0.13114754098360648,-0.05357142857142849
289,2025-10-22,PENINSULA,12.1,12.2,11.9,12.1,12.1,12.1,85,0.822,67955,2025-10-22,FALSE,FALSE,FALSE,-0.047244094488189003,0
290,2025-10-22,PEOPLESINS,36.8,37,34.9,35.7,36.5,35.6,714,14.542,404595,2025-10-22,FALSE,FALSE,FALSE,0.067251461988304,0.02528089887640439
291,2025-10-22,PF1STMF,4.9,5,4.8,5,4.9,4.9,78,2.551,521304,2025-10-22,FALSE,FALSE,FALSE,0,0
292,2025-10-22,PHARMAID,524.8,530,500.1,510.1,517,522.6,164,1.362,2624,2025-10-22,FALSE,FALSE,TRUE,-0.11122571772391276,-0.01071565250669737
293,2025-10-22,PHENIXINS,27.3,27.5,26.2,26.2,27.3,26.3,26,1.505,55367,2025-10-22,FALSE,FALSE,TRUE,0.007380073800737907,0.03802281368821303
294,2025-10-22,PHOENIXFIN,2.9,3,2.9,2.9,2.9,2.9,28,0.204,70255,2025-10-22,FALSE,FALSE,TRUE,-0.06451612903225812,0
295,2025-10-22,PHPMF1,2.9,2.9,2.8,2.8,2.9,2.8,19,0.227,79550,2025-10-22,FALSE,FALSE,FALSE,-0.06451612903225812,0.03571428571428581
296,2025-10-22,PIONEERINS,51.2,51.8,47.1,49,51.2,48.5,1340,28.735,581559,2025-10-22,FALSE,FALSE,FALSE,0.15837104072398178,0.05567010309278353
297,2025-10-22,PLFSL,0.9,0.9,0.9,0.9,0.9,0.9,125,1.426,1584172,2025-10-22,FALSE,FALSE,FALSE,NA,NA
298,2025-10-22,POPULAR1MF,2.9,2.9,2.8,2.9,2.9,2.9,22,0.166,57265,2025-10-22,FALSE,FALSE,FALSE,-0.06451612903225812,0
299,2025-10-22,POPULARLIF,49,49.3,48,49,49,48.4,345,5.317,109098,2025-10-22,FALSE,FALSE,FALSE,-0.025844930417495027,0.012396694214876103
300,2025-10-22,POWERGRID,27.9,28.4,27.6,28.4,27.6,28.4,323,3.215,115331,2025-10-22,FALSE,FALSE,TRUE,-0.17611940298507456,-0.028169014084506894
301,2025-10-22,PRAGATIINS,72.3,73.2,65.6,69.7,72.3,68.4,3354,92.513,1338359,2025-10-22,FALSE,FALSE,TRUE,0.2254237288135592,0.05701754385964897
302,2025-10-22,PRAGATILIF,248.3,257.9,243,244.3,248.3,244.3,3000,136.222,547587,2025-10-22,FALSE,FALSE,TRUE,0.25721518987341785,0.016373311502251298
303,2025-10-22,PREBPBOND,0,0,0,0,4700,"4,700",0,0,0,2025-10-22,FALSE,FALSE,FALSE,NA,NA
304,2025-10-22,PREMIERBAN,5.8,6,5.8,5.9,5.8,5.9,156,2.262,389339,2025-10-22,FALSE,FALSE,TRUE,-0.06451612903225812,-0.016949152542372947
305,2025-10-22,PREMIERCEM,42.8,42.8,42,42.8,42.5,42.8,139,0.768,18155,2025-10-22,FALSE,FALSE,FALSE,-0.12371134020618557,-0.007009345794392496
306,2025-10-22,PREMIERLEA,1.2,1.2,1,1,1.1,1.1,37,0.136,120731,2025-10-22,FALSE,FALSE,FALSE,-0.15384615384615385,0
307,2025-10-22,PRIME1ICBA,4.4,4.4,4.2,4.4,4.4,4.4,78,0.744,174449,2025-10-22,FALSE,FALSE,TRUE,-0.08333333333333326,0
308,2025-10-22,PRIMEBANK,27.3,27.4,26.8,26.9,27.3,26.9,79,5.545,203941,2025-10-22,FALSE,FALSE,FALSE,-0.03873239436619713,0.014869888475836479
309,2025-10-22,PRIMEFIN,2,2.1,1.9,2.1,2,2.1,67,0.183,92188,2025-10-22,FALSE,FALSE,FALSE,0,-0.04761904761904767
310,2025-10-22,PRIMEINSUR,32.1,32.5,31.4,31.5,32,31.8,65,0.998,31479,2025-10-22,FALSE,FALSE,FALSE,-0.024390243902438935,0.0062893081761006275
311,2025-10-22,PRIMELIFE,38.5,39.5,37.6,38.5,38.5,37.9,69,0.725,18819,2025-10-22,FALSE,FALSE,TRUE,-0.08983451536643017,0.0158311345646438
312,2025-10-22,PRIMETEX,12.7,13.8,12,13.4,12.7,13.2,106,0.48,37737,2025-10-22,FALSE,FALSE,FALSE,-0.09285714285714286,-0.037878787878787845
313,2025-10-22,PROGRESLIF,49.6,50.3,49.3,50.1,49.4,50,146,1.112,22357,2025-10-22,FALSE,FALSE,FALSE,-0.10669077757685352,-0.01200000000000001
314,2025-10-22,PROVATIINS,32.2,32.6,31.7,31.8,32.2,31.9,290,3.695,115171,2025-10-22,FALSE,FALSE,FALSE,-0.027190332326283984,0.009404388714733702
315,2025-10-22,PTL,53.1,54.5,52.9,53.7,53.1,54.1,148,2.679,50292,2025-10-22,FALSE,FALSE,TRUE,-0.053475935828877,-0.01848428835489835
316,2025-10-22,PUBALIBANK,27.4,27.9,27.3,27.9,27.4,27.5,224,8.051,293830,2025-10-22,FALSE,FALSE,FALSE,-0.038596491228070184,-0.0036363636363636598
317,2025-10-22,PURABIGEN,20.9,21.1,20.5,21.1,20.9,20.9,201,2.205,106097,2025-10-22,FALSE,FALSE,TRUE,0.05555555555555536,0
318,2025-10-22,QUASEMIND,37,37.2,36.4,36.6,37,36.4,236,6.676,180720,2025-10-22,FALSE,FALSE,FALSE,-0.1454965357967667,0.016483516483516425
319,2025-10-22,QUEENSOUTH,12.1,12.3,12,12.1,12.1,12.2,151,2.211,182085,2025-10-22,FALSE,FALSE,TRUE,-0.11029411764705888,-0.008196721311475419
320,2025-10-22,RAHIMAFOOD,128.1,131.6,125,128.9,128.1,128.6,1501,25.871,202022,2025-10-22,FALSE,FALSE,FALSE,-0.0489977728285077,-0.0038880248833592645
321,2025-10-22,RAHIMTEXT,145.5,151,145,146.8,145.5,146.8,245,1.834,12486,2025-10-22,FALSE,FALSE,TRUE,-0.2040481400437637,-0.008855585831062718
322,2025-10-22,RAKCERAMIC,23.6,24.1,23.3,23.7,23.8,23.6,135,1.953,82411,2025-10-22,FALSE,FALSE,FALSE,-0.05179282868525903,0.008474576271186418
323,2025-10-22,RANFOUNDRY,167.5,171,167.5,171,169.2,169.4,214,2.941,17438,2025-10-22,FALSE,FALSE,FALSE,-0.054220234768026954,-0.0011806375442739991
324,2025-10-22,RDFOOD,21.7,21.9,21,21.9,21.7,21.9,238,3.349,155288,2025-10-22,FALSE,FALSE,FALSE,-0.1354581673306774,-0.0091324200913242
325,2025-10-22,RECKITTBEN,"3,339.3",3350,3333,3340.1,3339.3,"3,334.1",45,0.618,185,2025-10-22,FALSE,FALSE,FALSE,-0.010020455960392471,0.0015596412825051864
326,2025-10-22,REGENTTEX,2.6,2.8,2.5,2.6,2.6,2.7,47,0.145,55412,2025-10-22,FALSE,FALSE,FALSE,-0.07142857142857129,-0.03703703703703709
327,2025-10-22,RELIANCE1,17.4,17.8,17,17,17.4,17.1,499,17.328,998818,2025-10-22,FALSE,FALSE,TRUE,0.23404255319148937,0.01754385964912264
328,2025-10-22,RELIANCINS,66,67.5,64.5,67.5,66.1,65.1,97,1.497,22938,2025-10-22,FALSE,FALSE,TRUE,0.02639751552795011,0.015360983102918668
329,2025-10-22,RENATA,450.8,454.9,450,452,450.8,452.9,259,3.762,8336,2025-10-22,FALSE,FALSE,TRUE,-0.06550580431177444,-0.004636785162287382
330,2025-10-22,RENWICKJA,0,0,0,0,564.4,564.4,0,0,0,2025-10-22,FALSE,FALSE,TRUE,-0.12590986526250592,0
331,2025-10-22,REPUBLIC,29.8,30.4,29.5,29.6,29.8,30.2,235,3.218,108323,2025-10-22,FALSE,FALSE,TRUE,-0.06289308176100628,-0.013245033112582738
332,2025-10-22,RINGSHINE,2.7,2.9,2.7,2.8,2.7,2.8,83,1.119,403266,2025-10-22,FALSE,FALSE,FALSE,-0.03571428571428559,-0.03571428571428559
333,2025-10-22,ROBI,29.7,29.9,29,29.2,29.7,29.1,1240,63.38,2148708,2025-10-22,FALSE,FALSE,TRUE,0.0033783783783782884,0.020618556701030855
334,2025-10-22,RSRMSTEEL,7.1,7.3,6.4,7.2,6.6,7.1,111,0.509,75196,2025-10-22,FALSE,FALSE,TRUE,-0.2584269662921349,-0.07042253521126762
335,2025-10-22,RUNNERAUTO,28.7,28.8,28.4,28.4,28.7,28.3,77,0.521,18252,2025-10-22,FALSE,FALSE,FALSE,-0.0859872611464968,0.014134275618374437
336,2025-10-22,RUPALIBANK,19.3,19.5,18.9,19.1,19.3,19.3,180,2.117,110973,2025-10-22,FALSE,FALSE,FALSE,-0.12669683257918551,0
337,2025-10-22,RUPALIINS,22.9,23.2,22.5,22.9,22.9,22.9,79,1.191,52299,2025-10-22,FALSE,FALSE,FALSE,-0.057613168724279906,0
338,2025-10-22,RUPALILIFE,102.3,103.5,97,99.8,102.3,98.5,2995,107.514,1061147,2025-10-22,FALSE,FALSE,TRUE,-0.06060606060606066,0.03857868020304567
339,2025-10-22,SAFKOSPINN,12.6,12.6,12.4,12.5,12.6,12.6,20,0.088,7030,2025-10-22,FALSE,FALSE,FALSE,-0.125,0
340,2025-10-22,SAIFPOWER,5.7,5.7,5.4,5.5,5.6,5.5,108,0.929,166504,2025-10-22,FALSE,FALSE,TRUE,-0.11111111111111116,0.018181818181818077
341,2025-10-22,SAIHAMCOT,15.9,16.3,15.7,15.9,15.9,16,145,3.3,206849,2025-10-22,FALSE,FALSE,FALSE,-0.12154696132596687,-0.006249999999999978
342,2025-10-22,SAIHAMTEX,14.6,15,14.6,15,14.6,14.8,48,0.582,39583,2025-10-22,FALSE,FALSE,FALSE,-0.08750000000000002,-0.013513513513513598
343,2025-10-22,SALAMCRST,16.6,17,16.5,17,16.6,16.9,345,7.436,445572,2025-10-22,FALSE,FALSE,FALSE,-0.20192307692307687,-0.017751479289940697
344,2025-10-22,SALVOCHEM,28.2,28.9,26.6,27.2,28.2,26.9,865,24.321,881659,2025-10-22,FALSE,FALSE,TRUE,-0.20563380281690147,0.048327137546468446
345,2025-10-22,SAMATALETH,92.8,94.7,88,93.2,92.8,93.2,788,6.666,72331,2025-10-22,FALSE,FALSE,FALSE,-0.1145038167938931,-0.0042918454935623185
346,2025-10-22,SAMORITA,75.3,80,74.5,76.9,75.3,75.7,865,21.822,284438,2025-10-22,FALSE,FALSE,FALSE,0.02588555858310615,-0.00528401585204763
347,2025-10-22,SANDHANINS,21.7,22.3,21.5,22.3,21.7,21.9,156,1.893,86819,2025-10-22,FALSE,FALSE,FALSE,-0.04824561403508776,-0.0091324200913242
348,2025-10-22,SAPORTL,43.2,43.7,42.9,43.2,43.2,43.2,748,56.524,1307965,2025-10-22,FALSE,FALSE,TRUE,0.04854368932038833,0
349,2025-10-22,SAVAREFR,0,0,0,0,215.5,215.5,0,0,0,2025-10-22,FALSE,TRUE,FALSE,0,0
350,2025-10-22,SBACBANK,6.9,7,6.8,6.9,6.9,6.9,65,0.604,87655,2025-10-22,FALSE,FALSE,TRUE,-0.07999999999999996,0
351,2025-10-22,SEAPEARL,35.2,35.7,34.7,35,35.2,34.9,754,18.173,516536,2025-10-22,FALSE,FALSE,TRUE,-0.2816326530612244,0.008595988538682153
352,2025-10-22,SEB1PBOND,0,0,0,0,4899,"4,899",0,0,0,2025-10-22,FALSE,FALSE,FALSE,NA,NA
353,2025-10-22,SEMLFBSLGF,5.4,5.4,5.2,5.2,5.3,5.2,37,0.838,158116,2025-10-22,FALSE,FALSE,FALSE,0,0.019230769230769162
354,2025-10-22,SEMLIBBLSF,6.3,6.4,6.2,6.2,6.3,6.2,23,0.078,12385,2025-10-22,FALSE,FALSE,FALSE,-0.03076923076923077,0.016129032258064502
355,2025-10-22,SEMLLECMF,0,0,0,0,7.4,7.4,0,0,0,2025-10-22,FALSE,FALSE,FALSE,0.04225352112676073,0
356,2025-10-22,SHAHJABANK,16.5,16.5,16.2,16.4,16.5,16.3,60,2.592,157590,2025-10-22,FALSE,FALSE,FALSE,-0.08839779005524873,0.012269938650306678
357,2025-10-22,SHARPIND,14.9,15.7,14.8,15.4,15,15.4,95,0.949,62943,2025-10-22,FALSE,FALSE,FALSE,-0.1329479768786127,-0.025974025974025983
358,2025-10-22,SHASHADNIM,18.5,18.8,18.2,18.3,18.4,18.7,123,2.245,121899,2025-10-22,FALSE,FALSE,TRUE,-0.11111111111111116,-0.016042780748663166
359,2025-10-22,SHEPHERD,14.5,14.7,14.4,14.5,14.5,14.5,117,2.94,202557,2025-10-22,FALSE,FALSE,TRUE,-0.161849710982659,0
360,2025-10-22,SHURWID,4.5,4.6,4.4,4.5,4.5,4.5,28,0.134,29570,2025-10-22,FALSE,TRUE,FALSE,-0.08163265306122458,0
361,2025-10-22,SHYAMPSUG,183.2,196.8,180,192.9,183.2,192.9,158,1.386,7554,2025-10-22,FALSE,FALSE,TRUE,-0.1115421920465568,-0.05028512182477973
362,2025-10-22,SIBL,3.5,3.7,3.4,3.6,3.5,3.6,255,4.446,1255480,2025-10-22,FALSE,FALSE,TRUE,0.12903225806451601,-0.02777777777777779
363,2025-10-22,SICL,20.2,20.5,19.8,20.1,20.2,20,201,2.51,124470,2025-10-22,FALSE,FALSE,TRUE,-0.1404255319148936,0.010000000000000009
364,2025-10-22,SILCOPHL,14.3,14.4,14,14.1,14.2,14.3,107,1.364,95979,2025-10-22,FALSE,FALSE,FALSE,-0.21546961325966862,-0.006993006993007089
365,2025-10-22,SILVAPHL,10.4,10.4,9.7,10,10.3,9.9,153,0.858,84481,2025-10-22,FALSE,FALSE,FALSE,-0.1889763779527558,0.04040404040404044
366,2025-10-22,SIMTEX,28.1,28.6,28,28,28.1,28.5,864,60.31,2140734,2025-10-22,FALSE,FALSE,FALSE,0.35748792270531404,-0.014035087719298178
367,2025-10-22,SINGERBD,102.5,103,101.4,102,102.5,102,97,1.001,9753,2025-10-22,FALSE,FALSE,FALSE,-0.034839924670433176,0.004901960784313708
368,2025-10-22,SINOBANGLA,42.1,43.2,41.4,42.8,42.1,42.9,712,12.195,289719,2025-10-22,FALSE,FALSE,FALSE,-0.23593466424682397,-0.01864801864801857
369,2025-10-22,SIPLC,57.3,57.3,53.3,54.7,56.5,54.7,1225,29.04,522384,2025-10-22,FALSE,FALSE,FALSE,0.15778688524590168,0.03290676416819016
370,2025-10-22,SJIBLPBOND,0,0,0,0,4300,"4,300",0,0,0,2025-10-22,FALSE,FALSE,FALSE,NA,NA
371,2025-10-22,SKTRIMS,7.8,8.3,7.2,7.9,7.3,7.9,97,0.441,58135,2025-10-22,FALSE,FALSE,TRUE,-0.2065217391304347,-0.07594936708860767
372,2025-10-22,SONALIANSH,186,188.9,181.7,187.9,186,187.8,817,15.154,81706,2025-10-22,FALSE,FALSE,TRUE,-0.16815742397137745,-0.009584664536741228
373,2025-10-22,SONALILIFE,68.6,68.6,66.8,66.8,67.9,67.1,95,1.116,16453,2025-10-22,FALSE,FALSE,FALSE,-0.04768583450210362,0.01192250372578263
374,2025-10-22,SONALIPAPR,249.4,252.8,240.3,246.8,249.4,246.8,2665,66.438,269022,2025-10-22,FALSE,FALSE,TRUE,-0.08510638297872342,0.010534846029173428
375,2025-10-22,SONARBAINS,27.8,28.3,27.3,27.6,27.8,27.8,84,1.025,36882,2025-10-22,FALSE,FALSE,TRUE,-0.047945205479452024,0
376,2025-10-22,SONARGAON,29.2,30.5,28.2,28.7,29.2,28.6,634,8.603,293432,2025-10-22,FALSE,FALSE,FALSE,-0.13864306784660763,0.020979020979020824
377,2025-10-22,SOUTHEASTB,8.8,8.9,8.7,8.8,8.8,8.8,90,6.738,766014,2025-10-22,FALSE,FALSE,FALSE,-0.07368421052631569,0
378,2025-10-22,SPCERAMICS,15.8,16.2,15.6,16,15.8,16,356,4.997,316894,2025-10-22,FALSE,FALSE,TRUE,-0.22549019607843124,-0.012499999999999956
379,2025-10-22,SPCL,38,38.5,37.2,37.3,38,37.6,346,9.601,253351,2025-10-22,FALSE,FALSE,FALSE,-0.2148760330578512,0.010638297872340496
380,2025-10-22,SQUARETEXT,53.8,54.9,53.4,54.9,53.8,53.7,338,7.968,147800,2025-10-22,FALSE,FALSE,FALSE,-0.03584229390681004,0.0018621973929235924
381,2025-10-22,SQURPHARMA,213,214,211.5,214,213,213,1329,91.286,428800,2025-10-22,FALSE,FALSE,FALSE,-0.02383134738771764,0
382,2025-10-22,SSSTEEL,4.8,5,4.8,5,4.8,4.9,107,0.794,164685,2025-10-22,FALSE,FALSE,FALSE,-0.05882352941176472,-0.020408163265306256
383,2025-10-22,STANCERAM,56,66,56,66,59.6,60.5,151,0.883,14779,2025-10-22,FALSE,FALSE,FALSE,-0.22697795071335924,-0.014876033057851235
384,2025-10-22,STANDARINS,38,38.2,36.5,37.7,38,37.4,324,4.572,121337,2025-10-22,FALSE,FALSE,TRUE,0.007957559681697646,0.016042780748663166
385,2025-10-22,STANDBANKL,5.3,5.4,5.2,5.2,5.3,5.3,51,0.273,51701,2025-10-22,FALSE,FALSE,TRUE,-0.036363636363636376,0
386,2025-10-22,STYLECRAFT,57.8,59.9,56,59.9,56.8,57.8,246,1.681,29213,2025-10-22,FALSE,FALSE,FALSE,-0.2426666666666667,-0.01730103806228378
387,2025-10-22,SUMITPOWER,14.4,14.4,14,14,14.4,14.1,194,4.046,283372,2025-10-22,FALSE,FALSE,FALSE,-0.05263157894736836,0.021276595744680993
388,2025-10-22,SUNLIFEINS,48.1,49.5,48,49.5,48.1,48.9,368,9.661,199792,2025-10-22,FALSE,FALSE,FALSE,-0.14107142857142851,-0.01635991820040894
389,2025-10-22,TAKAFULINS,34.5,37.6,33.9,37.6,34.4,34.4,11,0.047,1368,2025-10-22,FALSE,FALSE,FALSE,-0.008645533141210526,0
390,2025-10-22,TALLUSPIN,5.7,5.8,5.3,5.3,5.7,5.7,44,0.045,7849,2025-10-22,FALSE,FALSE,FALSE,-0.12307692307692308,0
391,2025-10-22,TAMIJTEX,119.9,119.9,117.5,117.9,119.3,119.5,138,1.261,10630,2025-10-22,FALSE,FALSE,TRUE,-0.18231665524331742,-0.0016736401673640433
392,2025-10-22,TB10Y0126,0,0,0,0,99.53,99.48,0,0,0,2025-10-22,FALSE,FALSE,FALSE,NA,NA
393,2025-10-22,TB10Y0127,0,0,0,0,96.95,96.9,0,0,0,2025-10-22,FALSE,FALSE,FALSE,NA,NA
394,2025-10-22,TB10Y0130,0,0,0,0,98.65,98.66,0,0,0,2025-10-22,FALSE,FALSE,FALSE,NA,NA
395,2025-10-22,TB10Y0132,0,0,0,0,88.5,88.5,0,0,0,2025-10-22,FALSE,FALSE,FALSE,NA,NA
396,2025-10-22,TB10Y0135,0,0,0,0,115.13,115.2,0,0,0,2025-10-22,FALSE,FALSE,FALSE,NA,NA
397,2025-10-22,TB10Y0231,0,0,0,0,85.39,85.41,0,0,0,2025-10-22,FALSE,FALSE,FALSE,NA,NA
398,2025-10-22,TB10Y0234,0,0,0,0,113.73,113.66,0,0,0,2025-10-22,FALSE,FALSE,FALSE,NA,NA
399,2025-10-22,TB10Y0333,0,0,0,0,93.99,93.95,0,0,0,2025-10-22,FALSE,FALSE,FALSE,NA,NA
400,2025-10-22,TB10Y0335,0,0,0,0,115.06,115.12,0,0,0,2025-10-22,FALSE,FALSE,FALSE,NA,NA
401,2025-10-22,TB10Y0429,0,0,0,0,94.92,94.31,0,0,0,2025-10-22,FALSE,FALSE,FALSE,NA,NA
402,2025-10-22,TB10Y0434,0,0,0,0,114.71,114.71,0,0,0,2025-10-22,FALSE,FALSE,FALSE,NA,NA
403,2025-10-22,TB10Y0530,0,0,0,0,97.01,97.05,0,0,0,2025-10-22,FALSE,FALSE,FALSE,NA,NA
404,2025-10-22,TB10Y0531,0,0,0,0,83.96,83.97,0,0,0,2025-10-22,FALSE,FALSE,FALSE,NA,NA
405,2025-10-22,TB10Y0532,0,0,0,0,92.34,92.34,0,0,0,2025-10-22,FALSE,FALSE,FALSE,NA,NA
406,2025-10-22,TB10Y0535,0,0,0,0,114.11,114.17,0,0,0,2025-10-22,FALSE,FALSE,FALSE,NA,NA
407,2025-10-22,TB10Y0628,0,0,0,0,95.46,94.93,0,0,0,2025-10-22,FALSE,FALSE,FALSE,NA,NA
408,2025-10-22,TB10Y0629,0,0,0,0,96.78,96.37,0,0,0,2025-10-22,FALSE,FALSE,FALSE,NA,NA
409,2025-10-22,TB10Y0630,0,0,0,0,96.64,96.68,0,0,0,2025-10-22,FALSE,FALSE,FALSE,NA,NA
410,2025-10-22,TB10Y0632,0,0,0,0,92.76,92.74,0,0,0,2025-10-22,FALSE,FALSE,FALSE,NA,NA
411,2025-10-22,TB10Y0634,0,0,0,0,117.75,117.85,0,0,0,2025-10-22,FALSE,FALSE,FALSE,NA,NA
412,2025-10-22,TB10Y0726,0,0,0,0,98.74,98.71,0,0,0,2025-10-22,FALSE,FALSE,FALSE,NA,NA
413,2025-10-22,TB10Y0730,0,0,0,0,93.69,93.73,0,0,0,2025-10-22,FALSE,FALSE,FALSE,NA,NA
414,2025-10-22,TB10Y0731,0,0,0,0,81.81,81.82,0,0,0,2025-10-22,FALSE,FALSE,FALSE,NA,NA
415,2025-10-22,TB10Y0735,0,0,0,0,105.47,105.52,0,0,0,2025-10-22,FALSE,FALSE,FALSE,NA,NA
416,2025-10-22,TB10Y0829,0,0,0,0,99.24,99.05,0,0,0,2025-10-22,FALSE,FALSE,FALSE,NA,NA
417,2025-10-22,TB10Y0833,0,0,0,0,97.78,97.73,0,0,0,2025-10-22,FALSE,FALSE,FALSE,NA,NA
418,2025-10-22,TB10Y0932,0,0,0,0,92.56,92.54,0,0,0,2025-10-22,FALSE,FALSE,FALSE,NA,NA
419,2025-10-22,TB10Y1027,0,0,0,0,95.66,95.44,0,0,0,2025-10-22,FALSE,FALSE,FALSE,NA,NA
420,2025-10-22,TB10Y1030,0,0,0,0,84.63,84.66,0,0,0,2025-10-22,FALSE,FALSE,FALSE,NA,NA
421,2025-10-22,TB10Y1031,0,0,0,0,87.53,87.54,0,0,0,2025-10-22,FALSE,FALSE,FALSE,NA,NA
422,2025-10-22,TB10Y1128,0,0,0,0,93.9,93.1,0,0,0,2025-10-22,FALSE,FALSE,FALSE,NA,NA
423,2025-10-22,TB10Y1229,0,0,0,0,98.98,98.98,0,0,0,2025-10-22,FALSE,FALSE,FALSE,NA,NA
424,2025-10-22,TB10Y1232,0,0,0,0,93.52,93.49,0,0,0,2025-10-22,FALSE,FALSE,FALSE,NA,NA
425,2025-10-22,TB15Y0127,0,0,0,0,102.35,102.31,0,0,0,2025-10-22,FALSE,FALSE,FALSE,NA,NA
426,2025-10-22,TB15Y0128,0,0,0,0,105.39,105.08,0,0,0,2025-10-22,FALSE,FALSE,FALSE,NA,NA
427,2025-10-22,TB15Y0129,0,0,0,0,107.47,106.65,0,0,0,2025-10-22,FALSE,FALSE,FALSE,NA,NA
428,2025-10-22,TB15Y0226,0,0,0,0,99.92,99.88,0,0,0,2025-10-22,FALSE,FALSE,FALSE,NA,NA
429,2025-10-22,TB15Y0227,0,0,0,0,102.64,102.59,0,0,0,2025-10-22,FALSE,FALSE,FALSE,NA,NA
430,2025-10-22,TB15Y0228,0,0,0,0,105.8,105.44,0,0,0,2025-10-22,FALSE,FALSE,FALSE,NA,NA
431,2025-10-22,TB15Y0229,0,0,0,0,107.34,106.58,0,0,0,2025-10-22,FALSE,FALSE,FALSE,NA,NA
432,2025-10-22,TB15Y0326,0,0,0,0,99.95,99.9,0,0,0,2025-10-22,FALSE,FALSE,FALSE,NA,NA
433,2025-10-22,TB15Y0327,0,0,0,0,102.86,102.8,0,0,0,2025-10-22,FALSE,FALSE,FALSE,NA,NA
434,2025-10-22,TB15Y0328,0,0,0,0,106.16,105.76,0,0,0,2025-10-22,FALSE,FALSE,FALSE,NA,NA
435,2025-10-22,TB15Y0329,0,0,0,0,107.22,106.52,0,0,0,2025-10-22,FALSE,FALSE,FALSE,NA,NA
436,2025-10-22,TB15Y0339,0,0,0,0,118.91,118.89,0,0,0,2025-10-22,FALSE,FALSE,FALSE,NA,NA
437,2025-10-22,TB15Y0340,0,0,0,0,120.67,120.67,0,0,0,2025-10-22,FALSE,FALSE,FALSE,NA,NA
438,2025-10-22,TB15Y0426,0,0,0,0,100,99.96,0,0,0,2025-10-22,FALSE,FALSE,FALSE,NA,NA
439,2025-10-22,TB15Y0427,0,0,0,0,103.09,103,0,0,0,2025-10-22,FALSE,FALSE,FALSE,NA,NA
440,2025-10-22,TB15Y0428,0,0,0,0,106.34,105.9,0,0,0,2025-10-22,FALSE,FALSE,FALSE,NA,NA
441,2025-10-22,TB15Y0429,0,0,0,0,107.26,106.63,0,0,0,2025-10-22,FALSE,FALSE,FALSE,NA,NA
442,2025-10-22,TB15Y0431,0,0,0,0,92.48,92.5,0,0,0,2025-10-22,FALSE,FALSE,FALSE,NA,NA
443,2025-10-22,TB15Y0437,0,0,0,0,88.83,88.84,0,0,0,2025-10-22,FALSE,FALSE,FALSE,NA,NA
444,2025-10-22,TB15Y0526,0,0,0,0,100.02,99.98,0,0,0,2025-10-22,FALSE,FALSE,FALSE,NA,NA
445,2025-10-22,TB15Y0527,0,0,0,0,103.33,103.22,0,0,0,2025-10-22,FALSE,FALSE,FALSE,NA,NA
446,2025-10-22,TB15Y0528,0,0,0,0,106.54,106.03,0,0,0,2025-10-22,FALSE,FALSE,FALSE,NA,NA
447,2025-10-22,TB15Y0529,0,0,0,0,107.39,106.88,0,0,0,2025-10-22,FALSE,FALSE,FALSE,NA,NA
448,2025-10-22,TB15Y0535,0,0,0,0,95.73,95.77,0,0,0,2025-10-22,FALSE,FALSE,FALSE,NA,NA
449,2025-10-22,TB15Y0626,0,0,0,0,100,99.96,0,0,0,2025-10-22,FALSE,FALSE,FALSE,NA,NA
450,2025-10-22,TB15Y0627,0,0,0,0,103.53,103.41,0,0,0,2025-10-22,FALSE,FALSE,FALSE,NA,NA
451,2025-10-22,TB15Y0628,0,0,0,0,106.74,106.18,0,0,0,2025-10-22,FALSE,FALSE,FALSE,NA,NA
452,2025-10-22,TB15Y0629,0,0,0,0,107.5,107.09,0,0,0,2025-10-22,FALSE,FALSE,FALSE,NA,NA
453,2025-10-22,TB15Y0635,0,0,0,0,94.4,94.44,0,0,0,2025-10-22,FALSE,FALSE,FALSE,NA,NA
454,2025-10-22,TB15Y0637,0,0,0,0,92.66,92.67,0,0,0,2025-10-22,FALSE,FALSE,FALSE,NA,NA
455,2025-10-22,TB15Y0727,0,0,0,0,103.76,103.61,0,0,0,2025-10-22,FALSE,FALSE,FALSE,NA,NA
456,2025-10-22,TB15Y0728,0,0,0,0,106.95,106.32,0,0,0,2025-10-22,FALSE,FALSE,FALSE,NA,NA
457,2025-10-22,TB15Y0729,0,0,0,0,107.3,107,0,0,0,2025-10-22,FALSE,FALSE,FALSE,NA,NA
458,2025-10-22,TB15Y0730,0,0,0,0,101.82,101.86,0,0,0,2025-10-22,FALSE,FALSE,FALSE,NA,NA
459,2025-10-22,TB15Y0736,0,0,0,0,73.82,73.84,0,0,0,2025-10-22,FALSE,FALSE,FALSE,NA,NA
460,2025-10-22,TB15Y0826,0,0,0,0,100.19,100.17,0,0,0,2025-10-22,FALSE,FALSE,FALSE,NA,NA
461,2025-10-22,TB15Y0828,0,0,0,0,107.16,106.47,0,0,0,2025-10-22,FALSE,FALSE,FALSE,NA,NA
462,2025-10-22,TB15Y0829,0,0,0,0,106.56,106.4,0,0,0,2025-10-22,FALSE,FALSE,FALSE,NA,NA
463,2025-10-22,TB15Y0840,0,0,0,0,105.23,105.23,0,0,0,2025-10-22,FALSE,FALSE,FALSE,NA,NA
464,2025-10-22,TB15Y0926,0,0,0,0,100.75,100.75,0,0,0,2025-10-22,FALSE,FALSE,FALSE,NA,NA
465,2025-10-22,TB15Y0927,0,0,0,0,104.15,103.96,0,0,0,2025-10-22,FALSE,FALSE,FALSE,NA,NA
466,2025-10-22,TB15Y0928,0,0,0,0,107.38,106.64,0,0,0,2025-10-22,FALSE,FALSE,FALSE,NA,NA
467,2025-10-22,TB15Y0929,0,0,0,0,106.37,106.33,0,0,0,2025-10-22,FALSE,FALSE,FALSE,NA,NA
468,2025-10-22,TB15Y0930,0,0,0,0,95.64,95.67,0,0,0,2025-10-22,FALSE,FALSE,FALSE,NA,NA
469,2025-10-22,TB15Y0933,0,0,0,0,86.84,86.79,0,0,0,2025-10-22,FALSE,FALSE,FALSE,NA,NA
470,2025-10-22,TB15Y1026,0,0,0,0,101.46,101.46,0,0,0,2025-10-22,FALSE,FALSE,FALSE,NA,NA
471,2025-10-22,TB15Y1027,0,0,0,0,104.41,104.19,0,0,0,2025-10-22,FALSE,FALSE,FALSE,NA,NA
472,2025-10-22,TB15Y1028,0,0,0,0,107.56,106.76,0,0,0,2025-10-22,FALSE,FALSE,FALSE,NA,NA
473,2025-10-22,TB15Y1029,0,0,0,0,106.23,106.24,0,0,0,2025-10-22,FALSE,FALSE,FALSE,NA,NA
474,2025-10-22,TB15Y1125,0,0,0,0,99.98,99.96,0,0,0,2025-10-22,FALSE,FALSE,FALSE,NA,NA
475,2025-10-22,TB15Y1126,0,0,0,0,101.56,101.55,0,0,0,2025-10-22,FALSE,FALSE,FALSE,NA,NA
476,2025-10-22,TB15Y1127,0,0,0,0,104.71,104.46,0,0,0,2025-10-22,FALSE,FALSE,FALSE,NA,NA
477,2025-10-22,TB15Y1128,0,0,0,0,107.39,106.52,0,0,0,2025-10-22,FALSE,FALSE,FALSE,NA,NA
478,2025-10-22,TB15Y1129,0,0,0,0,106.46,106.47,0,0,0,2025-10-22,FALSE,FALSE,FALSE,NA,NA
479,2025-10-22,TB15Y1133,0,0,0,0,88.57,88.51,0,0,0,2025-10-22,FALSE,FALSE,FALSE,NA,NA
480,2025-10-22,TB15Y1225,0,0,0,0,99.95,99.92,0,0,0,2025-10-22,FALSE,FALSE,FALSE,NA,NA
481,2025-10-22,TB15Y1226,0,0,0,0,101.68,101.65,0,0,0,2025-10-22,FALSE,FALSE,FALSE,NA,NA
482,2025-10-22,TB15Y1227,0,0,0,0,105.04,104.76,0,0,0,2025-10-22,FALSE,FALSE,FALSE,NA,NA
483,2025-10-22,TB15Y1228,0,0,0,0,107.54,106.66,0,0,0,2025-10-22,FALSE,FALSE,FALSE,NA,NA
484,2025-10-22,TB20Y0128,0,0,0,0,107.4,107.08,0,0,0,2025-10-22,FALSE,FALSE,FALSE,NA,NA
485,2025-10-22,TB20Y0129,0,0,0,0,109.67,108.84,0,0,0,2025-10-22,FALSE,FALSE,FALSE,NA,NA
486,2025-10-22,TB20Y0131,0,0,0,0,100.08,100.11,0,0,0,2025-10-22,FALSE,FALSE,FALSE,NA,NA
487,2025-10-22,TB20Y0132,0,0,0,0,110.9,110.91,0,0,0,2025-10-22,FALSE,FALSE,FALSE,NA,NA
488,2025-10-22,TB20Y0133,0,0,0,0,114.26,114.23,0,0,0,2025-10-22,FALSE,FALSE,FALSE,NA,NA
489,2025-10-22,TB20Y0134,0,0,0,0,114.84,114.77,0,0,0,2025-10-22,FALSE,FALSE,FALSE,NA,NA
490,2025-10-22,TB20Y0143,95.25,95.25,95.25,95.25,95.25,93.42,1,1.238,13000,2025-10-22,FALSE,FALSE,FALSE,NA,NA
491,2025-10-22,TB20Y0228,0,0,0,0,107.58,107.2,0,0,0,2025-10-22,FALSE,FALSE,FALSE,NA,NA
492,2025-10-22,TB20Y0229,0,0,0,0,109.83,109.06,0,0,0,2025-10-22,FALSE,FALSE,FALSE,NA,NA
493,2025-10-22,TB20Y0230,0,0,0,0,98.46,98.48,0,0,0,2025-10-22,FALSE,FALSE,FALSE,NA,NA
494,2025-10-22,TB20Y0231,0,0,0,0,100.08,100.11,0,0,0,2025-10-22,FALSE,FALSE,FALSE,NA,NA
495,2025-10-22,TB20Y0232,0,0,0,0,111.25,111.26,0,0,0,2025-10-22,FALSE,FALSE,FALSE,NA,NA
496,2025-10-22,TB20Y0233,0,0,0,0,114.9,114.87,0,0,0,2025-10-22,FALSE,FALSE,FALSE,NA,NA
497,2025-10-22,TB20Y0234,0,0,0,0,114.83,114.76,0,0,0,2025-10-22,FALSE,FALSE,FALSE,NA,NA
498,2025-10-22,TB20Y0328,0,0,0,0,107.83,107.41,0,0,0,2025-10-22,FALSE,FALSE,FALSE,NA,NA
499,2025-10-22,TB20Y0329,0,0,0,0,110.02,109.3,0,0,0,2025-10-22,FALSE,FALSE,FALSE,NA,NA
500,2025-10-22,TB20Y0330,0,0,0,0,98.56,98.59,0,0,0,2025-10-22,FALSE,FALSE,FALSE,NA,NA
501,2025-10-22,TB20Y0331,0,0,0,0,100.21,100.24,0,0,0,2025-10-22,FALSE,FALSE,FALSE,NA,NA
502,2025-10-22,TB20Y0332,0,0,0,0,111.51,111.51,0,0,0,2025-10-22,FALSE,FALSE,FALSE,NA,NA
503,2025-10-22,TB20Y0333,0,0,0,0,115.03,115,0,0,0,2025-10-22,FALSE,FALSE,FALSE,NA,NA
504,2025-10-22,TB20Y0334,0,0,0,0,114.49,114.46,0,0,0,2025-10-22,FALSE,FALSE,FALSE,NA,NA
505,2025-10-22,TB20Y0342,0,0,0,0,84.46,84.42,0,0,0,2025-10-22,FALSE,FALSE,FALSE,NA,NA
506,2025-10-22,TB20Y0428,0,0,0,0,108.04,107.58,0,0,0,2025-10-22,FALSE,FALSE,FALSE,NA,NA
507,2025-10-22,TB20Y0429,0,0,0,0,105.85,105.24,0,0,0,2025-10-22,FALSE,FALSE,FALSE,NA,NA
508,2025-10-22,TB20Y0430,0,0,0,0,98.59,98.62,0,0,0,2025-10-22,FALSE,FALSE,FALSE,NA,NA
509,2025-10-22,TB20Y0431,0,0,0,0,100.31,100.33,0,0,0,2025-10-22,FALSE,FALSE,FALSE,NA,NA
510,2025-10-22,TB20Y0432,0,0,0,0,111.8,111.8,0,0,0,2025-10-22,FALSE,FALSE,FALSE,NA,NA
511,2025-10-22,TB20Y0433,0,0,0,0,115.14,115.11,0,0,0,2025-10-22,FALSE,FALSE,FALSE,NA,NA
512,2025-10-22,TB20Y0434,0,0,0,0,114.7,114.71,0,0,0,2025-10-22,FALSE,FALSE,FALSE,NA,NA
513,2025-10-22,TB20Y0436,0,0,0,0,91.11,91.14,0,0,0,2025-10-22,FALSE,FALSE,FALSE,NA,NA
514,2025-10-22,TB20Y0528,0,0,0,0,108.27,107.74,0,0,0,2025-10-22,FALSE,FALSE,FALSE,NA,NA
515,2025-10-22,TB20Y0529,0,0,0,0,104.76,104.25,0,0,0,2025-10-22,FALSE,FALSE,FALSE,NA,NA
516,2025-10-22,TB20Y0530,0,0,0,0,98.65,98.69,0,0,0,2025-10-22,FALSE,FALSE,FALSE,NA,NA
517,2025-10-22,TB20Y0531,0,0,0,0,100.29,100.31,0,0,0,2025-10-22,FALSE,FALSE,FALSE,NA,NA
518,2025-10-22,TB20Y0532,0,0,0,0,112.05,112.04,0,0,0,2025-10-22,FALSE,FALSE,FALSE,NA,NA
519,2025-10-22,TB20Y0533,0,0,0,0,115.2,115.15,0,0,0,2025-10-22,FALSE,FALSE,FALSE,NA,NA
520,2025-10-22,TB20Y0534,0,0,0,0,114.93,114.99,0,0,0,2025-10-22,FALSE,FALSE,FALSE,NA,NA
521,2025-10-22,TB20Y0540,0,0,0,0,96.88,96.88,0,0,0,2025-10-22,FALSE,FALSE,FALSE,NA,NA
522,2025-10-22,TB20Y0545,0,0,0,0,128.6,114.2,0,0,0,2025-10-22,FALSE,FALSE,FALSE,NA,NA
523,2025-10-22,TB20Y0628,0,0,0,0,108.37,107.8,0,0,0,2025-10-22,FALSE,FALSE,FALSE,NA,NA
524,2025-10-22,TB20Y0629,0,0,0,0,101.72,101.32,0,0,0,2025-10-22,FALSE,FALSE,FALSE,NA,NA
525,2025-10-22,TB20Y0630,0,0,0,0,98.44,98.48,0,0,0,2025-10-22,FALSE,FALSE,FALSE,NA,NA
526,2025-10-22,TB20Y0631,0,0,0,0,100.28,100.3,0,0,0,2025-10-22,FALSE,FALSE,FALSE,NA,NA
527,2025-10-22,TB20Y0632,0,0,0,0,112.23,112.22,0,0,0,2025-10-22,FALSE,FALSE,FALSE,NA,NA
528,2025-10-22,TB20Y0633,0,0,0,0,115.34,115.29,0,0,0,2025-10-22,FALSE,FALSE,FALSE,NA,NA
529,2025-10-22,TB20Y0634,0,0,0,0,114.97,115.07,0,0,0,2025-10-22,FALSE,FALSE,FALSE,NA,NA
530,2025-10-22,TB20Y0639,0,0,0,0,97.57,97.56,0,0,0,2025-10-22,FALSE,FALSE,FALSE,NA,NA
531,2025-10-22,TB20Y0640,0,0,0,0,94.82,94.81,0,0,0,2025-10-22,FALSE,FALSE,FALSE,NA,NA
532,2025-10-22,TB20Y0641,0,0,0,0,71.45,71.43,0,0,0,2025-10-22,FALSE,FALSE,FALSE,NA,NA
533,2025-10-22,TB20Y0642,0,0,0,0,91.68,91.63,0,0,0,2025-10-22,FALSE,FALSE,FALSE,NA,NA
534,2025-10-22,TB20Y0727,0,0,0,0,110.29,110.14,0,0,0,2025-10-22,FALSE,FALSE,FALSE,NA,NA
535,2025-10-22,TB20Y0728,0,0,0,0,108.53,107.9,0,0,0,2025-10-22,FALSE,FALSE,FALSE,NA,NA
536,2025-10-22,TB20Y0729,0,0,0,0,98.33,98.06,0,0,0,2025-10-22,FALSE,FALSE,FALSE,NA,NA
537,2025-10-22,TB20Y0730,0,0,0,0,98.59,98.63,0,0,0,2025-10-22,FALSE,FALSE,FALSE,NA,NA
538,2025-10-22,TB20Y0731,0,0,0,0,101.8,101.82,0,0,0,2025-10-22,FALSE,FALSE,FALSE,NA,NA
539,2025-10-22,TB20Y0732,0,0,0,0,112.32,112.31,0,0,0,2025-10-22,FALSE,FALSE,FALSE,NA,NA
540,2025-10-22,TB20Y0733,0,0,0,0,115.43,115.39,0,0,0,2025-10-22,FALSE,FALSE,FALSE,NA,NA
541,2025-10-22,TB20Y0734,0,0,0,0,114.91,115,0,0,0,2025-10-22,FALSE,FALSE,FALSE,NA,NA
542,2025-10-22,TB20Y0735,0,0,0,0,104.73,104.77,0,0,0,2025-10-22,FALSE,FALSE,FALSE,NA,NA
543,2025-10-22,TB20Y0744,0,0,0,0,132.67,127.09,0,0,0,2025-10-22,FALSE,FALSE,FALSE,NA,NA
544,2025-10-22,TB20Y0827,0,0,0,0,109.95,109.77,0,0,0,2025-10-22,FALSE,FALSE,FALSE,NA,NA
545,2025-10-22,TB20Y0828,0,0,0,0,108.79,108.1,0,0,0,2025-10-22,FALSE,FALSE,FALSE,NA,NA
546,2025-10-22,TB20Y0829,0,0,0,0,97.09,96.92,0,0,0,2025-10-22,FALSE,FALSE,FALSE,NA,NA
547,2025-10-22,TB20Y0830,0,0,0,0,98.69,98.73,0,0,0,2025-10-22,FALSE,FALSE,FALSE,NA,NA
548,2025-10-22,TB20Y0831,0,0,0,0,102.91,102.93,0,0,0,2025-10-22,FALSE,FALSE,FALSE,NA,NA
549,2025-10-22,TB20Y0832,0,0,0,0,112.64,112.63,0,0,0,2025-10-22,FALSE,FALSE,FALSE,NA,NA
550,2025-10-22,TB20Y0833,0,0,0,0,115.56,115.51,0,0,0,2025-10-22,FALSE,FALSE,FALSE,NA,NA
551,2025-10-22,TB20Y0834,0,0,0,0,113.75,113.84,0,0,0,2025-10-22,FALSE,FALSE,FALSE,NA,NA
552,2025-10-22,TB20Y0845,0,0,0,0,111.04,96.04,0,0,0,2025-10-22,FALSE,FALSE,FALSE,NA,NA
553,2025-10-22,TB20Y0927,0,0,0,0,108.25,108.05,0,0,0,2025-10-22,FALSE,FALSE,FALSE,NA,NA
554,2025-10-22,TB20Y0928,0,0,0,0,109,108.25,0,0,0,2025-10-22,FALSE,FALSE,FALSE,NA,NA
555,2025-10-22,TB20Y0930,0,0,0,0,98.76,98.79,0,0,0,2025-10-22,FALSE,FALSE,FALSE,NA,NA
556,2025-10-22,TB20Y0931,0,0,0,0,105.62,105.64,0,0,0,2025-10-22,FALSE,FALSE,FALSE,NA,NA
557,2025-10-22,TB20Y0932,0,0,0,0,112.75,112.74,0,0,0,2025-10-22,FALSE,FALSE,FALSE,NA,NA
558,2025-10-22,TB20Y0933,0,0,0,0,115.67,115.61,0,0,0,2025-10-22,FALSE,FALSE,FALSE,NA,NA
559,2025-10-22,TB20Y0934,0,0,0,0,114.34,114.42,0,0,0,2025-10-22,FALSE,FALSE,FALSE,NA,NA
560,2025-10-22,TB20Y1027,0,0,0,0,107.94,107.71,0,0,0,2025-10-22,FALSE,FALSE,FALSE,NA,NA
561,2025-10-22,TB20Y1028,0,0,0,0,109.18,108.37,0,0,0,2025-10-22,FALSE,FALSE,FALSE,NA,NA
562,2025-10-22,TB20Y1029,0,0,0,0,98.63,98.64,0,0,0,2025-10-22,FALSE,FALSE,FALSE,NA,NA
563,2025-10-22,TB20Y1030,0,0,0,0,98.75,98.78,0,0,0,2025-10-22,FALSE,FALSE,FALSE,NA,NA
564,2025-10-22,TB20Y1031,0,0,0,0,108.6,108.62,0,0,0,2025-10-22,FALSE,FALSE,FALSE,NA,NA
565,2025-10-22,TB20Y1032,0,0,0,0,112.86,112.84,0,0,0,2025-10-22,FALSE,FALSE,FALSE,NA,NA
566,2025-10-22,TB20Y1033,0,0,0,0,115.78,115.72,0,0,0,2025-10-22,FALSE,FALSE,FALSE,NA,NA
567,2025-10-22,TB20Y1034,0,0,0,0,114.41,114.49,0,0,0,2025-10-22,FALSE,FALSE,FALSE,NA,NA
568,2025-10-22,TB20Y1127,0,0,0,0,107.52,107.26,0,0,0,2025-10-22,FALSE,FALSE,FALSE,NA,NA
569,2025-10-22,TB20Y1128,0,0,0,0,109.36,108.48,0,0,0,2025-10-22,FALSE,FALSE,FALSE,NA,NA
570,2025-10-22,TB20Y1130,0,0,0,0,99.5,99.53,0,0,0,2025-10-22,FALSE,FALSE,FALSE,NA,NA
571,2025-10-22,TB20Y1131,0,0,0,0,108.66,108.67,0,0,0,2025-10-22,FALSE,FALSE,FALSE,NA,NA
572,2025-10-22,TB20Y1132,0,0,0,0,113.06,113.04,0,0,0,2025-10-22,FALSE,FALSE,FALSE,NA,NA
573,2025-10-22,TB20Y1133,0,0,0,0,115.05,114.98,0,0,0,2025-10-22,FALSE,FALSE,FALSE,NA,NA
574,2025-10-22,TB20Y1134,0,0,0,0,114.44,114.52,0,0,0,2025-10-22,FALSE,FALSE,FALSE,NA,NA
575,2025-10-22,TB20Y1135,0,0,0,0,94.25,94.29,0,0,0,2025-10-22,FALSE,FALSE,FALSE,NA,NA
576,2025-10-22,TB20Y1138,0,0,0,0,89.89,89.88,0,0,0,2025-10-22,FALSE,FALSE,FALSE,NA,NA
577,2025-10-22,TB20Y1227,0,0,0,0,107.37,107.08,0,0,0,2025-10-22,FALSE,FALSE,FALSE,NA,NA
578,2025-10-22,TB20Y1228,0,0,0,0,109.49,108.6,0,0,0,2025-10-22,FALSE,FALSE,FALSE,NA,NA
579,2025-10-22,TB20Y1229,0,0,0,0,98.54,98.54,0,0,0,2025-10-22,FALSE,FALSE,FALSE,NA,NA
580,2025-10-22,TB20Y1230,0,0,0,0,99.96,99.99,0,0,0,2025-10-22,FALSE,FALSE,FALSE,NA,NA
581,2025-10-22,TB20Y1231,0,0,0,0,108.75,108.76,0,0,0,2025-10-22,FALSE,FALSE,FALSE,NA,NA
582,2025-10-22,TB20Y1232,0,0,0,0,113.65,113.63,0,0,0,2025-10-22,FALSE,FALSE,FALSE,NA,NA
583,2025-10-22,TB20Y1233,0,0,0,0,115.13,115.06,0,0,0,2025-10-22,FALSE,FALSE,FALSE,NA,NA
584,2025-10-22,TB20Y1242,95.77,95.77,95.77,95.77,95.77,93.9,1,0.287,3000,2025-10-22,FALSE,FALSE,FALSE,NA,NA
585,2025-10-22,TB2Y0126,0,0,0,0,100.41,100.38,0,0,0,2025-10-22,FALSE,FALSE,FALSE,NA,NA
586,2025-10-22,TB2Y0127,103.23,103.23,103.23,103.23,103.23,102.96,1,0.206,2000,2025-10-22,FALSE,FALSE,FALSE,NA,NA
587,2025-10-22,TB2Y0227,0,0,0,0,101.82,101.77,0,0,0,2025-10-22,FALSE,FALSE,FALSE,NA,NA
588,2025-10-22,TB2Y0327,0,0,0,0,102.21,102.15,0,0,0,2025-10-22,FALSE,FALSE,FALSE,NA,NA
589,2025-10-22,TB2Y0426,0,0,0,0,101.15,101.11,0,0,0,2025-10-22,FALSE,FALSE,FALSE,NA,NA
590,2025-10-22,TB2Y0427,0,0,0,0,103.68,103.6,0,0,0,2025-10-22,FALSE,FALSE,FALSE,NA,NA
591,2025-10-22,TB2Y0526,0,0,0,0,101.43,101.39,0,0,0,2025-10-22,FALSE,FALSE,FALSE,NA,NA
592,2025-10-22,TB2Y0527,0,0,0,0,103.56,103.46,0,0,0,2025-10-22,FALSE,FALSE,FALSE,NA,NA
593,2025-10-22,TB2Y0626,0,0,0,0,101.73,101.7,0,0,0,2025-10-22,FALSE,FALSE,FALSE,NA,NA
594,2025-10-22,TB2Y0627,0,0,0,0,104.17,104.06,0,0,0,2025-10-22,FALSE,FALSE,FALSE,NA,NA
595,2025-10-22,TB2Y0727,0,0,0,0,103.32,103.18,0,0,0,2025-10-22,FALSE,FALSE,FALSE,NA,NA
596,2025-10-22,TB2Y0826,102.24,102.24,102.24,102.24,102.24,102.11,1,0.204,2000,2025-10-22,FALSE,FALSE,FALSE,NA,NA
597,2025-10-22,TB2Y0927,0,0,0,0,101.2,101.02,0,0,0,2025-10-22,FALSE,FALSE,FALSE,NA,NA
598,2025-10-22,TB2Y1026,0,0,0,0,102.45,102.46,0,0,0,2025-10-22,FALSE,FALSE,FALSE,NA,NA
599,2025-10-22,TB2Y1125,0,0,0,0,100.06,100.05,0,0,0,2025-10-22,FALSE,FALSE,FALSE,NA,NA
600,2025-10-22,TB2Y1126,0,0,0,0,102.79,102.78,0,0,0,2025-10-22,FALSE,FALSE,FALSE,NA,NA
601,2025-10-22,TB5Y0128,0,0,0,0,97.71,97.41,0,0,0,2025-10-22,FALSE,FALSE,FALSE,NA,NA
602,2025-10-22,TB5Y0230,0,0,0,0,103.19,103.21,0,0,0,2025-10-22,FALSE,FALSE,FALSE,NA,NA
603,2025-10-22,TB5Y0326,0,0,0,0,98.03,97.97,0,0,0,2025-10-22,FALSE,FALSE,FALSE,NA,NA
604,2025-10-22,TB5Y0327,0,0,0,0,95.91,95.84,0,0,0,2025-10-22,FALSE,FALSE,FALSE,NA,NA
605,2025-10-22,TB5Y0428,0,0,0,0,97.41,96.99,0,0,0,2025-10-22,FALSE,FALSE,FALSE,NA,NA
606,2025-10-22,TB5Y0429,0,0,0,0,107.6,106.94,0,0,0,2025-10-22,FALSE,FALSE,FALSE,NA,NA
607,2025-10-22,TB5Y0430,0,0,0,0,110.13,110.17,0,0,0,2025-10-22,FALSE,FALSE,FALSE,NA,NA
608,2025-10-22,TB5Y0527,0,0,0,0,97.51,97.4,0,0,0,2025-10-22,FALSE,FALSE,FALSE,NA,NA
609,2025-10-22,TB5Y0529,0,0,0,0,108.62,108.06,0,0,0,2025-10-22,FALSE,FALSE,FALSE,NA,NA
610,2025-10-22,TB5Y0626,0,0,0,0,96.63,96.58,0,0,0,2025-10-22,FALSE,FALSE,FALSE,NA,NA
611,2025-10-22,TB5Y0628,0,0,0,0,98.35,97.82,0,0,0,2025-10-22,FALSE,FALSE,FALSE,NA,NA
612,2025-10-22,TB5Y0630,0,0,0,0,110.42,110.47,0,0,0,2025-10-22,FALSE,FALSE,FALSE,NA,NA
613,2025-10-22,TB5Y0727,0,0,0,0,97.57,97.42,0,0,0,2025-10-22,FALSE,FALSE,FALSE,NA,NA
614,2025-10-22,TB5Y0828,0,0,0,0,98.86,98.23,0,0,0,2025-10-22,FALSE,FALSE,FALSE,NA,NA
615,2025-10-22,TB5Y0926,0,0,0,0,96.26,96.24,0,0,0,2025-10-22,FALSE,FALSE,FALSE,NA,NA
616,2025-10-22,TB5Y0928,0,0,0,0,99.07,98.39,0,0,0,2025-10-22,FALSE,FALSE,FALSE,NA,NA
617,2025-10-22,TB5Y0930,0,0,0,0,101.75,101.78,0,0,0,2025-10-22,FALSE,FALSE,FALSE,NA,NA
618,2025-10-22,TB5Y1029,0,0,0,0,109.02,109.04,0,0,0,2025-10-22,FALSE,FALSE,FALSE,NA,NA
619,2025-10-22,TB5Y1126,0,0,0,0,97.14,97.12,0,0,0,2025-10-22,FALSE,FALSE,FALSE,NA,NA
620,2025-10-22,TB5Y1127,0,0,0,0,97.06,96.81,0,0,0,2025-10-22,FALSE,FALSE,FALSE,NA,NA
621,2025-10-22,TB5Y1128,0,0,0,0,103.95,103.12,0,0,0,2025-10-22,FALSE,FALSE,FALSE,NA,NA
622,2025-10-22,TB5Y1225,0,0,0,0,99.39,99.36,0,0,0,2025-10-22,FALSE,FALSE,FALSE,NA,NA
623,2025-10-22,TB5Y1228,0,0,0,0,102.31,101.43,0,0,0,2025-10-22,FALSE,FALSE,FALSE,NA,NA
624,2025-10-22,TB5Y1229,0,0,0,0,109.55,109.56,0,0,0,2025-10-22,FALSE,FALSE,FALSE,NA,NA
625,2025-10-22,TECHNODRUG,30.9,31.3,30.7,31.2,30.9,31,455,10.891,352303,2025-10-22,FALSE,FALSE,FALSE,-0.22166246851385396,-0.003225806451612967
626,2025-10-22,TILIL,47.4,47.9,45.9,46.7,47.4,46.7,1230,31.308,665596,2025-10-22,FALSE,FALSE,TRUE,-0.19661016949152543,0.01498929336188426
627,2025-10-22,TITASGAS,17.6,17.7,17.5,17.7,17.6,17.7,93,0.611,34727,2025-10-22,FALSE,FALSE,TRUE,-0.14975845410628008,-0.005649717514124131
628,2025-10-22,TOSRIFA,17.1,17.5,16.9,17.2,17.1,17.2,309,4.449,259808,2025-10-22,FALSE,FALSE,TRUE,-0.2297297297297296,-0.005813953488371992
629,2025-10-22,TRUSTB1MF,3,3,2.9,2.9,3,3,38,0.321,108625,2025-10-22,FALSE,FALSE,FALSE,-0.09090909090909083,0
630,2025-10-22,TRUSTBANK,17,17.2,16.8,17.1,17,17.2,293,5.075,298880,2025-10-22,FALSE,FALSE,TRUE,-0.06077348066298349,-0.011627906976744096
631,2025-10-22,TUNGHAI,1.7,1.7,1.6,1.6,1.7,1.7,14,0.03,18365,2025-10-22,FALSE,FALSE,FALSE,-0.15000000000000002,0
632,2025-10-22,UCB,9.9,10.1,9.9,10.1,9.9,9.9,303,4.945,498315,2025-10-22,FALSE,FALSE,FALSE,-0.03883495145631066,0
633,2025-10-22,UCB2PBOND,0,0,0,0,4700,"4,700",0,0,0,2025-10-22,FALSE,FALSE,FALSE,NA,NA
634,2025-10-22,UNILEVERCL,"2,391.6",2404.9,2381.2,2390,2391.6,"2,401.1",57,0.493,206,2025-10-22,FALSE,FALSE,FALSE,0.0013817359628185422,-0.003956519928366209
635,2025-10-22,UNIONBANK,1.7,1.7,1.6,1.7,1.7,1.7,120,0.601,358305,2025-10-22,FALSE,FALSE,FALSE,0.1333333333333333,0
636,2025-10-22,UNIONCAP,3.8,3.9,3.6,3.7,3.7,3.7,40,0.342,93027,2025-10-22,FALSE,FALSE,FALSE,-0.07499999999999996,0
637,2025-10-22,UNIONINS,32.5,33,30.8,32.9,32.3,31.9,185,3.116,96600,2025-10-22,FALSE,FALSE,FALSE,-0.0030864197530864335,0.012539184952978122
638,2025-10-22,UNIQUEHRL,37.8,38.3,37,38.3,37.8,37.8,176,2.541,67613,2025-10-22,FALSE,FALSE,FALSE,-0.08695652173913049,0
639,2025-10-22,UNITEDFIN,12.1,12.3,12,12,12.1,12.1,66,0.775,63978,2025-10-22,FALSE,FALSE,FALSE,-0.11678832116788318,0
640,2025-10-22,UNITEDINS,41.4,41.9,40,41.9,41.3,40.9,145,1.518,36978,2025-10-22,FALSE,FALSE,TRUE,-0.007211538461538547,0.009779951100244544
641,2025-10-22,UPGDCL,144.1,145,142,143.2,144.1,143.1,196,2.993,20914,2025-10-22,FALSE,FALSE,FALSE,0.0020862308762168436,0.006988120195667413
642,2025-10-22,USMANIAGL,30.8,32.7,30.5,32.7,30.8,31,54,0.191,6179,2025-10-22,FALSE,FALSE,TRUE,-0.1274787535410764,-0.006451612903225823
643,2025-10-22,UTTARABANK,20.7,21.1,20.6,21.1,20.7,20.9,546,23.052,1111363,2025-10-22,FALSE,FALSE,FALSE,-0.037209302325581395,-0.009569377990430561
644,2025-10-22,UTTARAFIN,11.6,12.1,11.6,11.9,11.7,11.7,24,0.107,9098,2025-10-22,FALSE,FALSE,FALSE,-0.09302325581395354,0
645,2025-10-22,VAMLBDMF1,0,0,0,0,7.2,7.2,0,0,0,2025-10-22,FALSE,FALSE,FALSE,0.014084507042253502,0
646,2025-10-22,VAMLRBBF,5.9,5.9,5.6,5.8,5.9,5.7,58,1.325,226118,2025-10-22,FALSE,TRUE,FALSE,0.0535714285714286,0.03508771929824572
647,2025-10-22,VFSTDL,9.2,9.3,8.5,8.6,9.2,8.5,659,13.302,1472798,2025-10-22,FALSE,FALSE,FALSE,0.1499999999999999,0.08235294117647052
648,2025-10-22,WALTONHIL,382.7,395.5,382,395.5,382.7,383.1,565,8.419,21982,2025-10-22,FALSE,FALSE,FALSE,-0.19108010991333757,-0.0010441138084051893
649,2025-10-22,WATACHEM,119.9,120,116.7,119.4,119.9,119.4,55,0.504,4212,2025-10-22,FALSE,FALSE,TRUE,-0.14904187366926902,0.0041876046901172526
650,2025-10-22,WMSHIPYARD,8,8.2,7.9,8.2,8,8.1,134,1.378,171999,2025-10-22,FALSE,FALSE,TRUE,-0.13978494623655924,-0.012345679012345623
651,2025-10-22,YPL,15.7,16.2,15.5,15.7,15.7,15.8,62,0.533,34013,2025-10-22,FALSE,FALSE,TRUE,-0.1179775280898877,-0.006329113924050778
652,2025-10-22,ZAHEENSPIN,4.1,4.6,4.1,4.6,4.1,4.5,142,1.456,348457,2025-10-22,FALSE,FALSE,FALSE,-0.2264150943396227,-0.08888888888888902
653,2025-10-22,ZAHINTEX,5.5,5.5,5.3,5.3,5.4,5.4,25,0.088,16556,2025-10-22,FALSE,FALSE,FALSE,-0.11475409836065564,0
654,2025-10-22,ZEALBANGLA,92,95.9,92,95.9,92.5,92.9,38,0.13,1403,2025-10-22,FALSE,FALSE,FALSE,-0.19844020797227035,-0.0043057050592034685
